---Clear the QProcessor Queue ---
UPDATE ILOGADMIN.QUEUED_REPORT SET REPORT_STATUS = 'IGNORED' WHERE REPORT_STATUS = 'REQUESTED';
COMMIT;

-------------------------
-------------GWTESTER21
-------------------------
REM DELETE from ILOGADMIN.USER_DETAILS
SET DEFINE OFF;
Delete from ILOGADMIN.USER_DETAILS where user_id = 'GWTESTER21';

REM Delete from ILOGADMIN.USER_APPLICATION
SET DEFINE OFF;
Delete from ILOGADMIN.USER_APPLICATION where user_id = 'GWTESTER21';

REM Delete from ILOGADMIN.USER_LOGIN
SET DEFINE OFF;
Delete from ILOGADMIN.USER_LOGIN where user_id = 'GWTESTER21';

REM Delete from ILOGADMIN.ORGANIZATION_ORG_TYPE
SET DEFINE OFF;
Delete from ILOGADMIN.ORGANIZATION_ORG_TYPE where msrb_id = 'D000011';

REM Delete from ILOGADMIN.ORGANIZATION
SET DEFINE OFF;
Delete from ILOGADMIN.ORGANIZATION where msrb_id = 'D000011';
-------------------------
REM INSERTING into USER_LOGIN
SET DEFINE OFF;
Insert into ILOGADMIN.USER_LOGIN (USER_ID,PASSWORD,PW_DATE,FORCE_PW_CHANGE_FLAG,SESSION_KEY,SESSION_KEY_DATE,ACCOUNT_LOCKED_SYSTEM_FLAG,ACCOUNT_LOCKED_MANUAL_FLAG,ACCOUNT_LOCKED_DATE,CREATION_USER,CREATION_DATE,UPDATE_USER,UPDATE_DATE,ACCOUNT_DISABLED_FLAG,LAST_LOGIN,TAC_ACCEPTED_FLAG,PENDING,PWD_RETRIEVAL_KEY,PWD_RETRIEVAL_KEY_DATE) values ('GWTESTER21','gw*loginMSRB1',to_date('15-JUL-2014 16:07:52','DD-MON-YYYY HH24:MI:SS'),0,null,null,0,0,null,null,null,'SJONES14',to_date('30-JAN-2014 17:05:37','DD-MON-YYYY HH24:MI:SS'),0,to_date('20-NOV-2014 11:44:14','DD-MON-YYYY HH24:MI:SS'),null,null,null,null);

REM INSERTING into USER_DETAILS
SET DEFINE OFF;
Insert into ILOGADMIN.USER_DETAILS (USER_ID,MSRB_ID,USER_FIRST_NAME,USER_MIDDLE_NAME,USER_LAST_NAME,USER_NAME_SUFFIX,PHONE_AREA_CODE,PHONE_PREFIX,PHONE_SUFFIX,PHONE_EXTENSION,FAX_AREA_CODE,FAX_PREFIX,FAX_SUFFIX,EMAIL_ADDRESS,ADDRESS1,ADDRESS2,CITY,STATE,COUNTRY,ZIP_CODE,UPDATE_USER,UPDATE_DATE,DEPARTMENT,TITLE) values ('GWTESTER21','D000011','MSRB',null,'TEST',null,'703','797','6600',null,null,null,null,'email123@msrb.org','1900 Duke Street',null,'Alexandria','VA',null,' 22314','SJONES14',to_date('30-JAN-2014 17:05:37','DD-MON-YYYY HH24:MI:SS'),null,null);

REM INSERTING into USER_APPLICATION
SET DEFINE OFF;
Insert into ILOGADMIN.USER_APPLICATION (USER_ID,APPLICATION_ID,USER_APP_STATUS,LAST_ACCESSED,UPDATE_USER,UPDATE_DATE) values ('GWTESTER21','AVTSSUBSCRIBERB','ENABLED',null,'KSERAFIN',to_date('14-JUN-2012 00:00:00','DD-MON-YYYY HH24:MI:SS'));
Insert into ILOGADMIN.USER_APPLICATION (USER_ID,APPLICATION_ID,USER_APP_STATUS,LAST_ACCESSED,UPDATE_USER,UPDATE_DATE) values ('GWTESTER21','AVTSSUBSCRIBERP','ENABLED',null,'GMONGA',to_date('04-OCT-2012 11:40:54','DD-MON-YYYY HH24:MI:SS'));
Insert into ILOGADMIN.USER_APPLICATION (USER_ID,APPLICATION_ID,USER_APP_STATUS,LAST_ACCESSED,UPDATE_USER,UPDATE_DATE) values ('GWTESTER21','EMMA120150','ENABLED',null,'KSERAFIN',to_date('14-JUN-2012 00:00:00','DD-MON-YYYY HH24:MI:SS'));
Insert into ILOGADMIN.USER_APPLICATION (USER_ID,APPLICATION_ID,USER_APP_STATUS,LAST_ACCESSED,UPDATE_USER,UPDATE_DATE) values ('GWTESTER21','EMMAEOS','ENABLED',to_date('21-AUG-2012 14:04:21','DD-MON-YYYY HH24:MI:SS'),'KSERAFIN',to_date('14-JUN-2012 00:00:00','DD-MON-YYYY HH24:MI:SS'));
Insert into ILOGADMIN.USER_APPLICATION (USER_ID,APPLICATION_ID,USER_APP_STATUS,LAST_ACCESSED,UPDATE_USER,UPDATE_DATE) values ('GWTESTER21','EMMAPSUBMIT','ENABLED',null,'KSERAFIN',to_date('14-JUN-2012 00:00:00','DD-MON-YYYY HH24:MI:SS'));
Insert into ILOGADMIN.USER_APPLICATION (USER_ID,APPLICATION_ID,USER_APP_STATUS,LAST_ACCESSED,UPDATE_USER,UPDATE_DATE) values ('GWTESTER21','EMMAPSUBSCRIBE','ENABLED',null,'KSERAFIN',to_date('14-JUN-2012 00:00:00','DD-MON-YYYY HH24:MI:SS'));
Insert into ILOGADMIN.USER_APPLICATION (USER_ID,APPLICATION_ID,USER_APP_STATUS,LAST_ACCESSED,UPDATE_USER,UPDATE_DATE) values ('GWTESTER21','EMMAPSUBSCRIBEB','ENABLED',null,'KSERAFIN',to_date('14-JUN-2012 00:00:00','DD-MON-YYYY HH24:MI:SS'));
Insert into ILOGADMIN.USER_APPLICATION (USER_ID,APPLICATION_ID,USER_APP_STATUS,LAST_ACCESSED,UPDATE_USER,UPDATE_DATE) values ('GWTESTER21','EMMASSUBMIT','ENABLED',null,'KSERAFIN',to_date('14-JUN-2012 00:00:00','DD-MON-YYYY HH24:MI:SS'));
Insert into ILOGADMIN.USER_APPLICATION (USER_ID,APPLICATION_ID,USER_APP_STATUS,LAST_ACCESSED,UPDATE_USER,UPDATE_DATE) values ('GWTESTER21','EMMASSUBSCRIBE','ENABLED',null,'GMONGA',to_date('04-OCT-2012 11:39:20','DD-MON-YYYY HH24:MI:SS'));
Insert into ILOGADMIN.USER_APPLICATION (USER_ID,APPLICATION_ID,USER_APP_STATUS,LAST_ACCESSED,UPDATE_USER,UPDATE_DATE) values ('GWTESTER21','EMMASSUBSCRIBEB','ENABLED',null,'GMONGA',to_date('06-JUN-2013 13:17:44','DD-MON-YYYY HH24:MI:SS'));
Insert into ILOGADMIN.USER_APPLICATION (USER_ID,APPLICATION_ID,USER_APP_STATUS,LAST_ACCESSED,UPDATE_USER,UPDATE_DATE) values ('GWTESTER21','RTRSSOCKETS','ENABLED',null,'USER_LOAD',to_date('04-OCT-2013 08:18:56','DD-MON-YYYY HH24:MI:SS'));
Insert into ILOGADMIN.USER_APPLICATION (USER_ID,APPLICATION_ID,USER_APP_STATUS,LAST_ACCESSED,UPDATE_USER,UPDATE_DATE) values ('GWTESTER21','RTRSTFILE','ENABLED',null,'USER_LOAD',to_date('04-OCT-2013 08:18:56','DD-MON-YYYY HH24:MI:SS'));
Insert into ILOGADMIN.USER_APPLICATION (USER_ID,APPLICATION_ID,USER_APP_STATUS,LAST_ACCESSED,UPDATE_USER,UPDATE_DATE) values ('GWTESTER21','SYSOUTAGEUSER','ENABLED',to_date('01-OCT-2012 17:12:38','DD-MON-YYYY HH24:MI:SS'),'MASTERUSER',to_date('17-AUG-2012 17:41:45','DD-MON-YYYY HH24:MI:SS'));
Insert into ILOGADMIN.USER_APPLICATION (USER_ID,APPLICATION_ID,USER_APP_STATUS,LAST_ACCESSED,UPDATE_USER,UPDATE_DATE) values ('GWTESTER21','VOLPSALE','ENABLED',null,'KSERAFIN',to_date('14-JUN-2012 00:00:00','DD-MON-YYYY HH24:MI:SS'));

REM INSERTING into ORGANIZATION
SET DEFINE OFF;
Insert into ILOGADMIN.ORGANIZATION (MSRB_ID,ORG_NAME,ADDRESS1,ADDRESS2,CITY,STATE,COUNTRY,ZIP_CODE,PHONE_AREA_CODE,PHONE_PREFIX,PHONE_SUFFIX,PHONE_EXTENSION,FAX_AREA_CODE,FAX_PREFIX,FAX_SUFFIX,HIDDEN_FLAG,CREATE_USER,CREATE_DATE,WITHDRAWAL_USER,WITHDRAWAL_DATE,UPDATE_USER,UPDATE_DATE,PARENT_MSRB_ID,BANK) values ('D000011','MSRB   (TEST ACCOUNT)','1900 Duke St',null,'Alexandria','VA',null,'22314','703','797','6600',null,null,null,null,null,null,to_date('04-OCT-2013 08:18:56','DD-MON-YYYY HH24:MI:SS'),null,null,'ORG_LOAD',to_date('04-OCT-2013 08:18:56','DD-MON-YYYY HH24:MI:SS'),null,null);

REM INSERTING into ORGANIZATION_ORG_TYPE
SET DEFINE OFF;
Insert into ILOGADMIN.ORGANIZATION_ORG_TYPE (MSRB_ID,ORG_TYPE_ID,UPDATE_USER,UPDATE_DATE,CONF_STATUS,REGISTRATION_STATUS,REGISTRATION_USER,REGISTRATION_DATE,AUTHORIZATION_STATUS,AUTHORIZATION_USER,AUTHORIZATION_DATE,WITHDRAWAL_STATUS,WITHDRAWAL_USER,WITHDRAWAL_DATE,SEC_REGISTRATION_NUMBER,SECID_VERIFIED,SECID_VERIFIED_BY,SECID_VERIFIED_DATE,CRD_NUMBER,CRD_VERIFIED,CRD_VERIFIED_BY,CRD_VERIFIED_DATE,PAID_VERIFIED,PAID_VERIFIED_BY,PAID_VERIFIED_DATE,TAX_ID,TAX_ID_VERIFIED,TAX_ID_VERIFIED_BY,TAX_ID_VERIFIED_DATE,WEB_URL,LEGAL_ENTITY_ID,LEI_VERIFIED,LEI_VERIFIED_BY,LEI_VERIFIED_DATE,FORM_ID,TRADE_INFO_VERIFIED,TRADE_INFO_VERIFIED_BY,TRADE_INFO_VERIFIED_DATE) values ('D000011','RTRSSUBSCRIBER','ORG_LOAD',to_date('04-OCT-2013 08:18:57','DD-MON-YYYY HH24:MI:SS'),0,1,'ORG_LOAD',to_date('04-OCT-2013 08:18:57','DD-MON-YYYY HH24:MI:SS'),1,'ORG_LOAD',to_date('04-OCT-2013 08:18:57','DD-MON-YYYY HH24:MI:SS'),0,null,null,null,0,null,null,null,0,null,null,1,'ORG_LOAD',to_date('04-OCT-2013 08:18:57','DD-MON-YYYY HH24:MI:SS'),null,0,null,null,null,null,0,null,null,null,null,null,null);
COMMIT;
-------------------------
-------------GWTESTER22
-------------------------
REM DELETE from ILOGADMIN.USER_DETAILS
SET DEFINE OFF;
Delete from ILOGADMIN.USER_DETAILS where user_id = 'GWTESTER22';

REM Delete from ILOGADMIN.USER_APPLICATION
SET DEFINE OFF;
Delete from ILOGADMIN.USER_APPLICATION where user_id = 'GWTESTER22';

REM Delete from ILOGADMIN.USER_LOGIN
SET DEFINE OFF;
Delete from ILOGADMIN.USER_LOGIN where user_id = 'GWTESTER22';

REM Delete from ILOGADMIN.ORGANIZATION_ORG_TYPE
SET DEFINE OFF;
Delete from ILOGADMIN.ORGANIZATION_ORG_TYPE where msrb_id = 'D0000011';

REM Delete from ILOGADMIN.ORGANIZATION
SET DEFINE OFF;
Delete from ILOGADMIN.ORGANIZATION where msrb_id = 'D0000011';
-------------------------
REM INSERTING into USER_LOGIN
SET DEFINE OFF;
Insert into ILOGADMIN.USER_LOGIN (USER_ID,PASSWORD,PW_DATE,FORCE_PW_CHANGE_FLAG,SESSION_KEY,SESSION_KEY_DATE,ACCOUNT_LOCKED_SYSTEM_FLAG,ACCOUNT_LOCKED_MANUAL_FLAG,ACCOUNT_LOCKED_DATE,CREATION_USER,CREATION_DATE,UPDATE_USER,UPDATE_DATE,ACCOUNT_DISABLED_FLAG,LAST_LOGIN,TAC_ACCEPTED_FLAG,PENDING,PWD_RETRIEVAL_KEY,PWD_RETRIEVAL_KEY_DATE) values ('GWTESTER22','gw*loginMSRB1',to_date('22-JAN-2015 09:59:18','DD-MON-YYYY HH24:MI:SS'),0,null,to_date('29-APR-2014 16:47:11','DD-MON-YYYY HH24:MI:SS'),0,0,null,'SCOOK',to_date('18-MAR-2009 18:57:26','DD-MON-YYYY HH24:MI:SS'),'SJONES14',to_date('30-JAN-2014 17:05:16','DD-MON-YYYY HH24:MI:SS'),0,to_date('22-JAN-2015 14:57:19','DD-MON-YYYY HH24:MI:SS'),1,null,null,null);

REM INSERTING into USER_DETAILS
SET DEFINE OFF;
Insert into ILOGADMIN.USER_DETAILS (USER_ID,MSRB_ID,USER_FIRST_NAME,USER_MIDDLE_NAME,USER_LAST_NAME,USER_NAME_SUFFIX,PHONE_AREA_CODE,PHONE_PREFIX,PHONE_SUFFIX,PHONE_EXTENSION,FAX_AREA_CODE,FAX_PREFIX,FAX_SUFFIX,EMAIL_ADDRESS,ADDRESS1,ADDRESS2,CITY,STATE,COUNTRY,ZIP_CODE,UPDATE_USER,UPDATE_DATE,DEPARTMENT,TITLE) values ('GWTESTER22','D0000011','EMMA',null,'TESTER',null,'703','797','6600','1234','703','797','6600','regressiontestemail@msrb.org','1900 DUKE STREET',null,'ALEXANDRIA','VA','US','22314','ETESTER22',to_date('26-MAR-2014 17:21:35','DD-MON-YYYY HH24:MI:SS'),'PROGRAM OPERATIONS','BETA SUPPORT');

REM INSERTING into USER_APPLICATION
SET DEFINE OFF;
Insert into ILOGADMIN.USER_APPLICATION (USER_ID,APPLICATION_ID,USER_APP_STATUS,LAST_ACCESSED,UPDATE_USER,UPDATE_DATE) values ('GWTESTER22','EMMAEOS','ENABLED',to_date('07-APR-2014 19:24:50','DD-MON-YYYY HH24:MI:SS'),'KSERAFIN',to_date('14-JUN-2012 00:00:00','DD-MON-YYYY HH24:MI:SS'));
Insert into ILOGADMIN.USER_APPLICATION (USER_ID,APPLICATION_ID,USER_APP_STATUS,LAST_ACCESSED,UPDATE_USER,UPDATE_DATE) values ('GWTESTER22','EMMAPSUBMIT','ENABLED',null,'KSERAFIN',to_date('14-JUN-2012 00:00:00','DD-MON-YYYY HH24:MI:SS'));
Insert into ILOGADMIN.USER_APPLICATION (USER_ID,APPLICATION_ID,USER_APP_STATUS,LAST_ACCESSED,UPDATE_USER,UPDATE_DATE) values ('GWTESTER22','EMMASSUBMIT','ENABLED',null,'KSERAFIN',to_date('14-JUN-2012 00:00:00','DD-MON-YYYY HH24:MI:SS'));
Insert into ILOGADMIN.USER_APPLICATION (USER_ID,APPLICATION_ID,USER_APP_STATUS,LAST_ACCESSED,UPDATE_USER,UPDATE_DATE) values ('GWTESTER22','EMMASSUBSCRIBE','ENABLED',null,'KSERAFIN',to_date('14-JUN-2012 00:00:00','DD-MON-YYYY HH24:MI:SS'));
Insert into ILOGADMIN.USER_APPLICATION (USER_ID,APPLICATION_ID,USER_APP_STATUS,LAST_ACCESSED,UPDATE_USER,UPDATE_DATE) values ('GWTESTER22','EMMASSUBSCRIBEB','ENABLED',null,'KSERAFIN',to_date('14-JUN-2012 00:00:00','DD-MON-YYYY HH24:MI:SS'));
Insert into ILOGADMIN.USER_APPLICATION (USER_ID,APPLICATION_ID,USER_APP_STATUS,LAST_ACCESSED,UPDATE_USER,UPDATE_DATE) values ('GWTESTER22','SYSOUTAGEUSER','ENABLED',to_date('07-APR-2014 19:25:12','DD-MON-YYYY HH24:MI:SS'),'SCOOK',to_date('17-AUG-2012 17:42:09','DD-MON-YYYY HH24:MI:SS'));

REM INSERTING into ORGANIZATION
SET DEFINE OFF;
Insert into ILOGADMIN.ORGANIZATION (MSRB_ID,ORG_NAME,ADDRESS1,ADDRESS2,CITY,STATE,COUNTRY,ZIP_CODE,PHONE_AREA_CODE,PHONE_PREFIX,PHONE_SUFFIX,PHONE_EXTENSION,FAX_AREA_CODE,FAX_PREFIX,FAX_SUFFIX,HIDDEN_FLAG,CREATE_USER,CREATE_DATE,WITHDRAWAL_USER,WITHDRAWAL_DATE,UPDATE_USER,UPDATE_DATE,PARENT_MSRB_ID,BANK) values ('D0000011','MSRB Test Organization','1900 Duke Street',null,'ALEXANDRIA','VA','US','22314','703','797','6600',null,null,null,null,null,'SCOOK',to_date('18-MAR-2009 18:34:23','DD-MON-YYYY HH24:MI:SS'),null,null,'CR3187',to_date('30-APR-2014 10:39:14','DD-MON-YYYY HH24:MI:SS'),null,0);

REM INSERTING into ORGANIZATION_ORG_TYPE
SET DEFINE OFF;
Insert into ILOGADMIN.ORGANIZATION_ORG_TYPE (MSRB_ID,ORG_TYPE_ID,UPDATE_USER,UPDATE_DATE,CONF_STATUS,REGISTRATION_STATUS,REGISTRATION_USER,REGISTRATION_DATE,AUTHORIZATION_STATUS,AUTHORIZATION_USER,AUTHORIZATION_DATE,WITHDRAWAL_STATUS,WITHDRAWAL_USER,WITHDRAWAL_DATE,SEC_REGISTRATION_NUMBER,SECID_VERIFIED,SECID_VERIFIED_BY,SECID_VERIFIED_DATE,CRD_NUMBER,CRD_VERIFIED,CRD_VERIFIED_BY,CRD_VERIFIED_DATE,PAID_VERIFIED,PAID_VERIFIED_BY,PAID_VERIFIED_DATE,TAX_ID,TAX_ID_VERIFIED,TAX_ID_VERIFIED_BY,TAX_ID_VERIFIED_DATE,WEB_URL,LEGAL_ENTITY_ID,LEI_VERIFIED,LEI_VERIFIED_BY,LEI_VERIFIED_DATE,FORM_ID,TRADE_INFO_VERIFIED,TRADE_INFO_VERIFIED_BY,TRADE_INFO_VERIFIED_DATE) values ('D0000011','AGENT','ETESTER21',to_date('09-JUL-2010 12:30:29','DD-MON-YYYY HH24:MI:SS'),1,null,null,null,null,null,null,null,null,null,null,null,null,null,null,null,null,null,null,null,null,null,null,null,null,null,null,0,null,null,null,null,null,null);
Insert into ILOGADMIN.ORGANIZATION_ORG_TYPE (MSRB_ID,ORG_TYPE_ID,UPDATE_USER,UPDATE_DATE,CONF_STATUS,REGISTRATION_STATUS,REGISTRATION_USER,REGISTRATION_DATE,AUTHORIZATION_STATUS,AUTHORIZATION_USER,AUTHORIZATION_DATE,WITHDRAWAL_STATUS,WITHDRAWAL_USER,WITHDRAWAL_DATE,SEC_REGISTRATION_NUMBER,SECID_VERIFIED,SECID_VERIFIED_BY,SECID_VERIFIED_DATE,CRD_NUMBER,CRD_VERIFIED,CRD_VERIFIED_BY,CRD_VERIFIED_DATE,PAID_VERIFIED,PAID_VERIFIED_BY,PAID_VERIFIED_DATE,TAX_ID,TAX_ID_VERIFIED,TAX_ID_VERIFIED_BY,TAX_ID_VERIFIED_DATE,WEB_URL,LEGAL_ENTITY_ID,LEI_VERIFIED,LEI_VERIFIED_BY,LEI_VERIFIED_DATE,FORM_ID,TRADE_INFO_VERIFIED,TRADE_INFO_VERIFIED_BY,TRADE_INFO_VERIFIED_DATE) values ('D0000011','DEALER','ETESTER21',to_date('09-JUL-2010 12:30:29','DD-MON-YYYY HH24:MI:SS'),1,1,'SYSTEM',to_date('11-NOV-2010 16:40:14','DD-MON-YYYY HH24:MI:SS'),1,'SYSTEM',to_date('11-NOV-2010 16:40:14','DD-MON-YYYY HH24:MI:SS'),null,null,null,null,0,null,null,null,0,null,null,1,'SYSTEM',to_date('11-NOV-2010 16:40:14','DD-MON-YYYY HH24:MI:SS'),null,null,null,null,null,null,0,null,null,null,null,null,null);
Insert into ILOGADMIN.ORGANIZATION_ORG_TYPE (MSRB_ID,ORG_TYPE_ID,UPDATE_USER,UPDATE_DATE,CONF_STATUS,REGISTRATION_STATUS,REGISTRATION_USER,REGISTRATION_DATE,AUTHORIZATION_STATUS,AUTHORIZATION_USER,AUTHORIZATION_DATE,WITHDRAWAL_STATUS,WITHDRAWAL_USER,WITHDRAWAL_DATE,SEC_REGISTRATION_NUMBER,SECID_VERIFIED,SECID_VERIFIED_BY,SECID_VERIFIED_DATE,CRD_NUMBER,CRD_VERIFIED,CRD_VERIFIED_BY,CRD_VERIFIED_DATE,PAID_VERIFIED,PAID_VERIFIED_BY,PAID_VERIFIED_DATE,TAX_ID,TAX_ID_VERIFIED,TAX_ID_VERIFIED_BY,TAX_ID_VERIFIED_DATE,WEB_URL,LEGAL_ENTITY_ID,LEI_VERIFIED,LEI_VERIFIED_BY,LEI_VERIFIED_DATE,FORM_ID,TRADE_INFO_VERIFIED,TRADE_INFO_VERIFIED_BY,TRADE_INFO_VERIFIED_DATE) values ('D0000011','ISSUER','ETESTER21',to_date('09-JUL-2010 12:30:29','DD-MON-YYYY HH24:MI:SS'),1,null,null,null,null,null,null,null,null,null,null,null,null,null,null,null,null,null,null,null,null,null,null,null,null,null,null,0,null,null,null,null,null,null);
Insert into ILOGADMIN.ORGANIZATION_ORG_TYPE (MSRB_ID,ORG_TYPE_ID,UPDATE_USER,UPDATE_DATE,CONF_STATUS,REGISTRATION_STATUS,REGISTRATION_USER,REGISTRATION_DATE,AUTHORIZATION_STATUS,AUTHORIZATION_USER,AUTHORIZATION_DATE,WITHDRAWAL_STATUS,WITHDRAWAL_USER,WITHDRAWAL_DATE,SEC_REGISTRATION_NUMBER,SECID_VERIFIED,SECID_VERIFIED_BY,SECID_VERIFIED_DATE,CRD_NUMBER,CRD_VERIFIED,CRD_VERIFIED_BY,CRD_VERIFIED_DATE,PAID_VERIFIED,PAID_VERIFIED_BY,PAID_VERIFIED_DATE,TAX_ID,TAX_ID_VERIFIED,TAX_ID_VERIFIED_BY,TAX_ID_VERIFIED_DATE,WEB_URL,LEGAL_ENTITY_ID,LEI_VERIFIED,LEI_VERIFIED_BY,LEI_VERIFIED_DATE,FORM_ID,TRADE_INFO_VERIFIED,TRADE_INFO_VERIFIED_BY,TRADE_INFO_VERIFIED_DATE) values ('D0000011','OBLIGOR','ETESTER21',to_date('09-JUL-2010 12:30:29','DD-MON-YYYY HH24:MI:SS'),1,null,null,null,null,null,null,null,null,null,null,null,null,null,null,null,null,null,null,null,null,null,null,null,null,null,null,0,null,null,null,null,null,null);
Insert into ILOGADMIN.ORGANIZATION_ORG_TYPE (MSRB_ID,ORG_TYPE_ID,UPDATE_USER,UPDATE_DATE,CONF_STATUS,REGISTRATION_STATUS,REGISTRATION_USER,REGISTRATION_DATE,AUTHORIZATION_STATUS,AUTHORIZATION_USER,AUTHORIZATION_DATE,WITHDRAWAL_STATUS,WITHDRAWAL_USER,WITHDRAWAL_DATE,SEC_REGISTRATION_NUMBER,SECID_VERIFIED,SECID_VERIFIED_BY,SECID_VERIFIED_DATE,CRD_NUMBER,CRD_VERIFIED,CRD_VERIFIED_BY,CRD_VERIFIED_DATE,PAID_VERIFIED,PAID_VERIFIED_BY,PAID_VERIFIED_DATE,TAX_ID,TAX_ID_VERIFIED,TAX_ID_VERIFIED_BY,TAX_ID_VERIFIED_DATE,WEB_URL,LEGAL_ENTITY_ID,LEI_VERIFIED,LEI_VERIFIED_BY,LEI_VERIFIED_DATE,FORM_ID,TRADE_INFO_VERIFIED,TRADE_INFO_VERIFIED_BY,TRADE_INFO_VERIFIED_DATE) values ('D0000011','SMAGENT','ETESTER21',to_date('09-JUL-2010 12:30:29','DD-MON-YYYY HH24:MI:SS'),1,null,null,null,null,null,null,null,null,null,null,null,null,null,null,null,null,null,null,null,null,null,null,null,null,null,null,0,null,null,null,null,null,null);
COMMIT;
-------------------------
-------------MASTERUSER
-------------------------
REM Delete from ILOGADMIN.USER_DETAILS
SET DEFINE OFF;
Delete from ILOGADMIN.USER_DETAILS where user_id = 'MASTERUSER';

REM Delete from ILOGADMIN.USER_APPLICATION
SET DEFINE OFF;
Delete from ILOGADMIN.USER_APPLICATION where user_id = 'MASTERUSER';

REM Delete from ILOGADMIN.USER_LOGIN
SET DEFINE OFF;
Delete from ILOGADMIN.USER_LOGIN where user_id = 'MASTERUSER';

REM Delete from ILOGADMIN.ORGANIZATION_ORG_TYPE
SET DEFINE OFF;
Delete from ILOGADMIN.ORGANIZATION_ORG_TYPE where msrb_id = 'MASTERUSER';

REM Delete from ILOGADMIN.ORGANIZATION
SET DEFINE OFF;
Delete from ILOGADMIN.ORGANIZATION where msrb_id = 'MASTERUSER';

REM DELETE from AGENT_RELATIONSHIPS
SET DEFINE OFF;
Delete from ILOGADMIN.AGENT_RELATIONSHIPS where principal_msrb_id = 'MASTERUSER';
-------------------------
REM INSERTING into USER_LOGIN
SET DEFINE OFF;
Insert into ILOGADMIN.USER_LOGIN (USER_ID,PASSWORD,PW_DATE,FORCE_PW_CHANGE_FLAG,SESSION_KEY,SESSION_KEY_DATE,ACCOUNT_LOCKED_SYSTEM_FLAG,ACCOUNT_LOCKED_MANUAL_FLAG,ACCOUNT_LOCKED_DATE,CREATION_USER,CREATION_DATE,UPDATE_USER,UPDATE_DATE,ACCOUNT_DISABLED_FLAG,LAST_LOGIN,TAC_ACCEPTED_FLAG,PENDING,PWD_RETRIEVAL_KEY,PWD_RETRIEVAL_KEY_DATE) values ('MASTERUSER','gw*loginMSRB1',to_date('22-JAN-2015 09:59:18','DD-MON-YYYY HH24:MI:SS'),0,null,to_date('10-APR-2014 10:05:33','DD-MON-YYYY HH24:MI:SS'),0,0,null,null,null,'MASTERUSER',to_date('08-JAN-2014 10:24:11','DD-MON-YYYY HH24:MI:SS'),0,to_date('08-APR-2014 16:37:19','DD-MON-YYYY HH24:MI:SS'),1,null,null,null);

REM INSERTING into USER_DETAILS
SET DEFINE OFF;
Insert into ILOGADMIN.USER_DETAILS (USER_ID,MSRB_ID,USER_FIRST_NAME,USER_MIDDLE_NAME,USER_LAST_NAME,USER_NAME_SUFFIX,PHONE_AREA_CODE,PHONE_PREFIX,PHONE_SUFFIX,PHONE_EXTENSION,FAX_AREA_CODE,FAX_PREFIX,FAX_SUFFIX,EMAIL_ADDRESS,ADDRESS1,ADDRESS2,CITY,STATE,COUNTRY,ZIP_CODE,UPDATE_USER,UPDATE_DATE,DEPARTMENT,TITLE) values ('MASTERUSER','MASTERUSER','MASTER','A','TESTER','TEST','703','797','6600','4444','555','666','7777','regressiontestemail@msrb.org','1900 DUKE STREET','SUITE 600','ALEXANDRIA','VA','US','20187','MASTERUSER',to_date('08-JAN-2014 10:24:11','DD-MON-YYYY HH24:MI:SS'),'IT','Director, Systems Development');

REM INSERTING into USER_APPLICATION
SET DEFINE OFF;
Insert into ILOGADMIN.USER_APPLICATION (USER_ID,APPLICATION_ID,USER_APP_STATUS,LAST_ACCESSED,UPDATE_USER,UPDATE_DATE) values ('MASTERUSER','ACCOUNTING','ENABLED',null,'MASTERUSER',to_date('08-AUG-2005 11:18:37','DD-MON-YYYY HH24:MI:SS'));
Insert into ILOGADMIN.USER_APPLICATION (USER_ID,APPLICATION_ID,USER_APP_STATUS,LAST_ACCESSED,UPDATE_USER,UPDATE_DATE) values ('MASTERUSER','ACCTADMIN','ENABLED',null,'MASTERUSER',to_date('07-AUG-2007 14:04:49','DD-MON-YYYY HH24:MI:SS'));
Insert into ILOGADMIN.USER_APPLICATION (USER_ID,APPLICATION_ID,USER_APP_STATUS,LAST_ACCESSED,UPDATE_USER,UPDATE_DATE) values ('MASTERUSER','ACCTMASTER','ENABLED',null,'DPUGH',to_date('06-FEB-2012 09:33:21','DD-MON-YYYY HH24:MI:SS'));
Insert into ILOGADMIN.USER_APPLICATION (USER_ID,APPLICATION_ID,USER_APP_STATUS,LAST_ACCESSED,UPDATE_USER,UPDATE_DATE) values ('MASTERUSER','AGENCY','ENABLED',null,'MASTERUSER',to_date('30-APR-2012 14:22:06','DD-MON-YYYY HH24:MI:SS'));
Insert into ILOGADMIN.USER_APPLICATION (USER_ID,APPLICATION_ID,USER_APP_STATUS,LAST_ACCESSED,UPDATE_USER,UPDATE_DATE) values ('MASTERUSER','AVTSSUBMITTER','ENABLED',to_date('12-JUL-2013 10:27:05','DD-MON-YYYY HH24:MI:SS'),'MASTERUSER',to_date('28-JAN-2009 12:44:57','DD-MON-YYYY HH24:MI:SS'));
Insert into ILOGADMIN.USER_APPLICATION (USER_ID,APPLICATION_ID,USER_APP_STATUS,LAST_ACCESSED,UPDATE_USER,UPDATE_DATE) values ('MASTERUSER','AVTSSUBSCRIBERB','ENABLED',null,'MASTERUSER',to_date('18-MAR-2013 17:12:13','DD-MON-YYYY HH24:MI:SS'));
Insert into ILOGADMIN.USER_APPLICATION (USER_ID,APPLICATION_ID,USER_APP_STATUS,LAST_ACCESSED,UPDATE_USER,UPDATE_DATE) values ('MASTERUSER','AVTSSUBSCRIBERP','ENABLED',null,'MASTERUSER',to_date('18-MAR-2013 17:12:13','DD-MON-YYYY HH24:MI:SS'));
Insert into ILOGADMIN.USER_APPLICATION (USER_ID,APPLICATION_ID,USER_APP_STATUS,LAST_ACCESSED,UPDATE_USER,UPDATE_DATE) values ('MASTERUSER','BAPPS2ADMIN','ENABLED',null,'BUILD',to_date('22-JAN-2015 09:59:20','DD-MON-YYYY HH24:MI:SS'));
Insert into ILOGADMIN.USER_APPLICATION (USER_ID,APPLICATION_ID,USER_APP_STATUS,LAST_ACCESSED,UPDATE_USER,UPDATE_DATE) values ('MASTERUSER','BAPPSADMIN','ENABLED',to_date('25-MAR-2012 01:18:19','DD-MON-YYYY HH24:MI:SS'),'MASTERUSER',to_date('20-SEP-2011 00:00:00','DD-MON-YYYY HH24:MI:SS'));
Insert into ILOGADMIN.USER_APPLICATION (USER_ID,APPLICATION_ID,USER_APP_STATUS,LAST_ACCESSED,UPDATE_USER,UPDATE_DATE) values ('MASTERUSER','CALLCENTER','ENABLED',to_date('09-OCT-2010 00:05:06','DD-MON-YYYY HH24:MI:SS'),'MASTERUSER',to_date('25-MAY-2010 13:27:44','DD-MON-YYYY HH24:MI:SS'));
Insert into ILOGADMIN.USER_APPLICATION (USER_ID,APPLICATION_ID,USER_APP_STATUS,LAST_ACCESSED,UPDATE_USER,UPDATE_DATE) values ('MASTERUSER','CERTTEST','ENABLED',null,'MASTERUSER',to_date('08-AUG-2006 16:07:41','DD-MON-YYYY HH24:MI:SS'));
Insert into ILOGADMIN.USER_APPLICATION (USER_ID,APPLICATION_ID,USER_APP_STATUS,LAST_ACCESSED,UPDATE_USER,UPDATE_DATE) values ('MASTERUSER','DEALER','ENABLED',to_date('28-JUL-2007 12:30:06','DD-MON-YYYY HH24:MI:SS'),'MASTERUSER',to_date('20-JUN-2003 17:10:56','DD-MON-YYYY HH24:MI:SS'));
Insert into ILOGADMIN.USER_APPLICATION (USER_ID,APPLICATION_ID,USER_APP_STATUS,LAST_ACCESSED,UPDATE_USER,UPDATE_DATE) values ('MASTERUSER','DQDASHBOARD','ENABLED',to_date('13-APR-2012 23:15:49','DD-MON-YYYY HH24:MI:SS'),'MASTERUSER',to_date('02-SEP-2011 15:03:39','DD-MON-YYYY HH24:MI:SS'));
Insert into ILOGADMIN.USER_APPLICATION (USER_ID,APPLICATION_ID,USER_APP_STATUS,LAST_ACCESSED,UPDATE_USER,UPDATE_DATE) values ('MASTERUSER','EMMAEOS','ENABLED',to_date('12-JUL-2013 10:26:53','DD-MON-YYYY HH24:MI:SS'),'MASTERUSER',to_date('06-DEC-2011 12:49:22','DD-MON-YYYY HH24:MI:SS'));
Insert into ILOGADMIN.USER_APPLICATION (USER_ID,APPLICATION_ID,USER_APP_STATUS,LAST_ACCESSED,UPDATE_USER,UPDATE_DATE) values ('MASTERUSER','EMMAPSUBMIT','ENABLED',null,'MASTERUSER',to_date('06-DEC-2011 12:49:22','DD-MON-YYYY HH24:MI:SS'));
Insert into ILOGADMIN.USER_APPLICATION (USER_ID,APPLICATION_ID,USER_APP_STATUS,LAST_ACCESSED,UPDATE_USER,UPDATE_DATE) values ('MASTERUSER','EMMAPSUBSCRIBE','ENABLED',null,'MASTERUSER',to_date('06-JUN-2011 15:57:35','DD-MON-YYYY HH24:MI:SS'));
Insert into ILOGADMIN.USER_APPLICATION (USER_ID,APPLICATION_ID,USER_APP_STATUS,LAST_ACCESSED,UPDATE_USER,UPDATE_DATE) values ('MASTERUSER','EMMAPSUBSCRIBEB','ENABLED',null,'MASTERUSER',to_date('06-JUN-2011 15:57:35','DD-MON-YYYY HH24:MI:SS'));
Insert into ILOGADMIN.USER_APPLICATION (USER_ID,APPLICATION_ID,USER_APP_STATUS,LAST_ACCESSED,UPDATE_USER,UPDATE_DATE) values ('MASTERUSER','EMMASSUBMIT','ENABLED',null,'MASTERUSER',to_date('06-DEC-2011 12:49:22','DD-MON-YYYY HH24:MI:SS'));
Insert into ILOGADMIN.USER_APPLICATION (USER_ID,APPLICATION_ID,USER_APP_STATUS,LAST_ACCESSED,UPDATE_USER,UPDATE_DATE) values ('MASTERUSER','EMMASSUBSCRIBE','ENABLED',null,'MASTERUSER',to_date('06-JUN-2011 15:57:35','DD-MON-YYYY HH24:MI:SS'));
Insert into ILOGADMIN.USER_APPLICATION (USER_ID,APPLICATION_ID,USER_APP_STATUS,LAST_ACCESSED,UPDATE_USER,UPDATE_DATE) values ('MASTERUSER','EMMASSUBSCRIBEB','ENABLED',null,'MASTERUSER',to_date('06-JUN-2011 15:57:35','DD-MON-YYYY HH24:MI:SS'));
Insert into ILOGADMIN.USER_APPLICATION (USER_ID,APPLICATION_ID,USER_APP_STATUS,LAST_ACCESSED,UPDATE_USER,UPDATE_DATE) values ('MASTERUSER','EOS','DISABLED',null,'MASTERUSER',to_date('24-MAY-2004 00:00:00','DD-MON-YYYY HH24:MI:SS'));
Insert into ILOGADMIN.USER_APPLICATION (USER_ID,APPLICATION_ID,USER_APP_STATUS,LAST_ACCESSED,UPDATE_USER,UPDATE_DATE) values ('MASTERUSER','EOSMGT','DISABLED',null,'MASTERUSER',to_date('24-MAY-2004 00:00:00','DD-MON-YYYY HH24:MI:SS'));
Insert into ILOGADMIN.USER_APPLICATION (USER_ID,APPLICATION_ID,USER_APP_STATUS,LAST_ACCESSED,UPDATE_USER,UPDATE_DATE) values ('MASTERUSER','G40ADMIN','ENABLED',to_date('19-MAR-2014 17:32:17','DD-MON-YYYY HH24:MI:SS'),'MASTERUSER',to_date('20-JUN-2003 17:10:56','DD-MON-YYYY HH24:MI:SS'));
Insert into ILOGADMIN.USER_APPLICATION (USER_ID,APPLICATION_ID,USER_APP_STATUS,LAST_ACCESSED,UPDATE_USER,UPDATE_DATE) values ('MASTERUSER','MSRBDH','ENABLED',to_date('20-MAR-2012 09:36:14','DD-MON-YYYY HH24:MI:SS'),'MASTERUSER',to_date('11-JAN-2006 15:37:59','DD-MON-YYYY HH24:MI:SS'));
Insert into ILOGADMIN.USER_APPLICATION (USER_ID,APPLICATION_ID,USER_APP_STATUS,LAST_ACCESSED,UPDATE_USER,UPDATE_DATE) values ('MASTERUSER','MSRBNet','ENABLED',null,'MASTERUSER',to_date('22-SEP-2004 13:38:08','DD-MON-YYYY HH24:MI:SS'));
Insert into ILOGADMIN.USER_APPLICATION (USER_ID,APPLICATION_ID,USER_APP_STATUS,LAST_ACCESSED,UPDATE_USER,UPDATE_DATE) values ('MASTERUSER','NASD','ENABLED',null,'MASTERUSER',to_date('24-APR-2007 12:20:01','DD-MON-YYYY HH24:MI:SS'));
Insert into ILOGADMIN.USER_APPLICATION (USER_ID,APPLICATION_ID,USER_APP_STATUS,LAST_ACCESSED,UPDATE_USER,UPDATE_DATE) values ('MASTERUSER','NASD1','ENABLED',null,'MASTERUSER',to_date('25-APR-2007 15:18:17','DD-MON-YYYY HH24:MI:SS'));
Insert into ILOGADMIN.USER_APPLICATION (USER_ID,APPLICATION_ID,USER_APP_STATUS,LAST_ACCESSED,UPDATE_USER,UPDATE_DATE) values ('MASTERUSER','NASD2','ENABLED',null,'MASTERUSER',to_date('24-APR-2007 12:56:02','DD-MON-YYYY HH24:MI:SS'));
Insert into ILOGADMIN.USER_APPLICATION (USER_ID,APPLICATION_ID,USER_APP_STATUS,LAST_ACCESSED,UPDATE_USER,UPDATE_DATE) values ('MASTERUSER','NASD3','ENABLED',null,'MASTERUSER',to_date('25-APR-2007 10:34:58','DD-MON-YYYY HH24:MI:SS'));
Insert into ILOGADMIN.USER_APPLICATION (USER_ID,APPLICATION_ID,USER_APP_STATUS,LAST_ACCESSED,UPDATE_USER,UPDATE_DATE) values ('MASTERUSER','NASD4','ENABLED',null,'MASTERUSER',to_date('25-APR-2007 10:35:07','DD-MON-YYYY HH24:MI:SS'));
Insert into ILOGADMIN.USER_APPLICATION (USER_ID,APPLICATION_ID,USER_APP_STATUS,LAST_ACCESSED,UPDATE_USER,UPDATE_DATE) values ('MASTERUSER','NASD5','ENABLED',null,'MASTERUSER',to_date('25-APR-2007 10:35:18','DD-MON-YYYY HH24:MI:SS'));
Insert into ILOGADMIN.USER_APPLICATION (USER_ID,APPLICATION_ID,USER_APP_STATUS,LAST_ACCESSED,UPDATE_USER,UPDATE_DATE) values ('MASTERUSER','NASD6','ENABLED',null,'MASTERUSER',to_date('25-APR-2007 10:36:20','DD-MON-YYYY HH24:MI:SS'));
Insert into ILOGADMIN.USER_APPLICATION (USER_ID,APPLICATION_ID,USER_APP_STATUS,LAST_ACCESSED,UPDATE_USER,UPDATE_DATE) values ('MASTERUSER','NASD7','ENABLED',null,'MASTERUSER',to_date('25-APR-2007 10:36:29','DD-MON-YYYY HH24:MI:SS'));
Insert into ILOGADMIN.USER_APPLICATION (USER_ID,APPLICATION_ID,USER_APP_STATUS,LAST_ACCESSED,UPDATE_USER,UPDATE_DATE) values ('MASTERUSER','NASD8','ENABLED',null,'MASTERUSER',to_date('25-APR-2007 10:36:40','DD-MON-YYYY HH24:MI:SS'));
Insert into ILOGADMIN.USER_APPLICATION (USER_ID,APPLICATION_ID,USER_APP_STATUS,LAST_ACCESSED,UPDATE_USER,UPDATE_DATE) values ('MASTERUSER','OWA','ENABLED',to_date('25-MAR-2012 11:02:13','DD-MON-YYYY HH24:MI:SS'),'MASTERUSER',to_date('22-SEP-2004 13:38:08','DD-MON-YYYY HH24:MI:SS'));
Insert into ILOGADMIN.USER_APPLICATION (USER_ID,APPLICATION_ID,USER_APP_STATUS,LAST_ACCESSED,UPDATE_USER,UPDATE_DATE) values ('MASTERUSER','PQAC','ENABLED',to_date('01-OCT-2012 16:35:39','DD-MON-YYYY HH24:MI:SS'),'LFOX',to_date('10-JAN-2005 00:00:00','DD-MON-YYYY HH24:MI:SS'));
Insert into ILOGADMIN.USER_APPLICATION (USER_ID,APPLICATION_ID,USER_APP_STATUS,LAST_ACCESSED,UPDATE_USER,UPDATE_DATE) values ('MASTERUSER','PQAC51','ENABLED',null,'LFOX',to_date('19-JAN-2005 00:00:00','DD-MON-YYYY HH24:MI:SS'));
Insert into ILOGADMIN.USER_APPLICATION (USER_ID,APPLICATION_ID,USER_APP_STATUS,LAST_ACCESSED,UPDATE_USER,UPDATE_DATE) values ('MASTERUSER','PQAC52','ENABLED',null,'MASTERUSER',to_date('13-AUG-2007 13:58:02','DD-MON-YYYY HH24:MI:SS'));
Insert into ILOGADMIN.USER_APPLICATION (USER_ID,APPLICATION_ID,USER_APP_STATUS,LAST_ACCESSED,UPDATE_USER,UPDATE_DATE) values ('MASTERUSER','PQAC5253','ENABLED',null,'LFOX',to_date('19-JAN-2005 00:00:00','DD-MON-YYYY HH24:MI:SS'));
Insert into ILOGADMIN.USER_APPLICATION (USER_ID,APPLICATION_ID,USER_APP_STATUS,LAST_ACCESSED,UPDATE_USER,UPDATE_DATE) values ('MASTERUSER','PQAC53','ENABLED',null,'MASTERUSER',to_date('13-AUG-2007 13:58:02','DD-MON-YYYY HH24:MI:SS'));
Insert into ILOGADMIN.USER_APPLICATION (USER_ID,APPLICATION_ID,USER_APP_STATUS,LAST_ACCESSED,UPDATE_USER,UPDATE_DATE) values ('MASTERUSER','PQACADMIN','ENABLED',null,'LFOX',to_date('19-JAN-2005 00:00:00','DD-MON-YYYY HH24:MI:SS'));
Insert into ILOGADMIN.USER_APPLICATION (USER_ID,APPLICATION_ID,USER_APP_STATUS,LAST_ACCESSED,UPDATE_USER,UPDATE_DATE) values ('MASTERUSER','REGWEBHOT','ENABLED',null,'MASTERUSER',to_date('07-FEB-2006 15:16:17','DD-MON-YYYY HH24:MI:SS'));
Insert into ILOGADMIN.USER_APPLICATION (USER_ID,APPLICATION_ID,USER_APP_STATUS,LAST_ACCESSED,UPDATE_USER,UPDATE_DATE) values ('MASTERUSER','REGWEBPROD','ENABLED',null,'MASTERUSER',to_date('07-FEB-2006 16:00:37','DD-MON-YYYY HH24:MI:SS'));
Insert into ILOGADMIN.USER_APPLICATION (USER_ID,APPLICATION_ID,USER_APP_STATUS,LAST_ACCESSED,UPDATE_USER,UPDATE_DATE) values ('MASTERUSER','REGWEBTST','ENABLED',null,'MASTERUSER',to_date('22-JUN-2005 12:27:39','DD-MON-YYYY HH24:MI:SS'));
Insert into ILOGADMIN.USER_APPLICATION (USER_ID,APPLICATION_ID,USER_APP_STATUS,LAST_ACCESSED,UPDATE_USER,UPDATE_DATE) values ('MASTERUSER','ROOT','ENABLED',null,'MASTERUSER',to_date('14-JUN-2005 17:34:47','DD-MON-YYYY HH24:MI:SS'));
Insert into ILOGADMIN.USER_APPLICATION (USER_ID,APPLICATION_ID,USER_APP_STATUS,LAST_ACCESSED,UPDATE_USER,UPDATE_DATE) values ('MASTERUSER','RTRSTFILE','ENABLED',null,'MASTERUSER',to_date('08-JAN-2014 10:24:11','DD-MON-YYYY HH24:MI:SS'));
Insert into ILOGADMIN.USER_APPLICATION (USER_ID,APPLICATION_ID,USER_APP_STATUS,LAST_ACCESSED,UPDATE_USER,UPDATE_DATE) values ('MASTERUSER','RTRSWEB','ENABLED',to_date('20-MAR-2015 14:58:40','DD-MON-YYYY HH24:MI:SS'),'MASTERUSER',to_date('20-MAR-2015 14:31:32','DD-MON-YYYY HH24:MI:SS'));
Insert into ILOGADMIN.USER_APPLICATION (USER_ID,APPLICATION_ID,USER_APP_STATUS,LAST_ACCESSED,UPDATE_USER,UPDATE_DATE) values ('MASTERUSER','RTRSWEBDEV','ENABLED',null,'MASTERUSER',to_date('19-APR-2005 12:31:48','DD-MON-YYYY HH24:MI:SS'));
Insert into ILOGADMIN.USER_APPLICATION (USER_ID,APPLICATION_ID,USER_APP_STATUS,LAST_ACCESSED,UPDATE_USER,UPDATE_DATE) values ('MASTERUSER','RTRSWEBVIEW','ENABLED',null,'FORMRTRS',to_date('13-APR-2013 12:56:17','DD-MON-YYYY HH24:MI:SS'));
Insert into ILOGADMIN.USER_APPLICATION (USER_ID,APPLICATION_ID,USER_APP_STATUS,LAST_ACCESSED,UPDATE_USER,UPDATE_DATE) values ('MASTERUSER','STAFF','ENABLED',to_date('03-JUL-2008 10:48:59','DD-MON-YYYY HH24:MI:SS'),'MASTERUSER',to_date('09-SEP-2004 14:14:57','DD-MON-YYYY HH24:MI:SS'));
Insert into ILOGADMIN.USER_APPLICATION (USER_ID,APPLICATION_ID,USER_APP_STATUS,LAST_ACCESSED,UPDATE_USER,UPDATE_DATE) values ('MASTERUSER','SYSADMIN','ENABLED',to_date('12-MAR-2014 17:12:18','DD-MON-YYYY HH24:MI:SS'),'MASTERUSER',to_date('20-JUN-2003 17:10:56','DD-MON-YYYY HH24:MI:SS'));
Insert into ILOGADMIN.USER_APPLICATION (USER_ID,APPLICATION_ID,USER_APP_STATUS,LAST_ACCESSED,UPDATE_USER,UPDATE_DATE) values ('MASTERUSER','TRA','ENABLED',to_date('31-OCT-2013 10:22:52','DD-MON-YYYY HH24:MI:SS'),'MASTERUSER',to_date('14-SEP-2009 17:34:02','DD-MON-YYYY HH24:MI:SS'));
Insert into ILOGADMIN.USER_APPLICATION (USER_ID,APPLICATION_ID,USER_APP_STATUS,LAST_ACCESSED,UPDATE_USER,UPDATE_DATE) values ('MASTERUSER','TRASUPER','ENABLED',null,'MASTERUSER',to_date('14-SEP-2009 17:33:03','DD-MON-YYYY HH24:MI:SS'));
Insert into ILOGADMIN.USER_APPLICATION (USER_ID,APPLICATION_ID,USER_APP_STATUS,LAST_ACCESSED,UPDATE_USER,UPDATE_DATE) values ('MASTERUSER','TRS','ENABLED',to_date('31-OCT-2013 10:20:38','DD-MON-YYYY HH24:MI:SS'),'MASTERUSER',to_date('09-JAN-2005 09:34:06','DD-MON-YYYY HH24:MI:SS'));
Insert into ILOGADMIN.USER_APPLICATION (USER_ID,APPLICATION_ID,USER_APP_STATUS,LAST_ACCESSED,UPDATE_USER,UPDATE_DATE) values ('MASTERUSER','USERADMIN','ENABLED',to_date('08-APR-2014 16:37:26','DD-MON-YYYY HH24:MI:SS'),'MASTERUSER',to_date('20-JUN-2003 17:10:56','DD-MON-YYYY HH24:MI:SS'));
Insert into ILOGADMIN.USER_APPLICATION (USER_ID,APPLICATION_ID,USER_APP_STATUS,LAST_ACCESSED,UPDATE_USER,UPDATE_DATE) values ('MASTERUSER','eG37','ENABLED',to_date('10-APR-2012 14:25:31','DD-MON-YYYY HH24:MI:SS'),'MASTERUSER',to_date('23-JUN-2003 15:31:11','DD-MON-YYYY HH24:MI:SS'));

REM INSERTING into ORGANIZATION
SET DEFINE OFF;
Insert into ILOGADMIN.ORGANIZATION (MSRB_ID,ORG_NAME,ADDRESS1,ADDRESS2,CITY,STATE,COUNTRY,ZIP_CODE,PHONE_AREA_CODE,PHONE_PREFIX,PHONE_SUFFIX,PHONE_EXTENSION,FAX_AREA_CODE,FAX_PREFIX,FAX_SUFFIX,HIDDEN_FLAG,CREATE_USER,CREATE_DATE,WITHDRAWAL_USER,WITHDRAWAL_DATE,UPDATE_USER,UPDATE_DATE,PARENT_MSRB_ID,BANK) values ('MASTERUSER','MSRB',null,null,null,null,null,null,null,null,null,null,null,null,null,null,null,to_date('20-JUN-2009 10:19:31','DD-MON-YYYY HH24:MI:SS'),null,null,null,to_date('20-JUN-2009 10:19:31','DD-MON-YYYY HH24:MI:SS'),null,0);

REM INSERTING into ORGANIZATION_ORG_TYPE
SET DEFINE OFF;
Insert into ILOGADMIN.ORGANIZATION_ORG_TYPE (MSRB_ID,ORG_TYPE_ID,UPDATE_USER,UPDATE_DATE,CONF_STATUS,REGISTRATION_STATUS,REGISTRATION_USER,REGISTRATION_DATE,AUTHORIZATION_STATUS,AUTHORIZATION_USER,AUTHORIZATION_DATE,WITHDRAWAL_STATUS,WITHDRAWAL_USER,WITHDRAWAL_DATE,SEC_REGISTRATION_NUMBER,SECID_VERIFIED,SECID_VERIFIED_BY,SECID_VERIFIED_DATE,CRD_NUMBER,CRD_VERIFIED,CRD_VERIFIED_BY,CRD_VERIFIED_DATE,PAID_VERIFIED,PAID_VERIFIED_BY,PAID_VERIFIED_DATE,TAX_ID,TAX_ID_VERIFIED,TAX_ID_VERIFIED_BY,TAX_ID_VERIFIED_DATE,WEB_URL,LEGAL_ENTITY_ID,LEI_VERIFIED,LEI_VERIFIED_BY,LEI_VERIFIED_DATE,FORM_ID,TRADE_INFO_VERIFIED,TRADE_INFO_VERIFIED_BY,TRADE_INFO_VERIFIED_DATE) values ('MASTERUSER','ISSUER','CR2788',to_date('31-JAN-2014 09:28:34','DD-MON-YYYY HH24:MI:SS'),1,null,null,null,null,null,null,1,'CR2788',to_date('31-JAN-2014 09:28:34','DD-MON-YYYY HH24:MI:SS'),null,null,null,null,null,null,null,null,null,null,null,null,null,null,null,null,null,0,null,null,null,null,null,null);
Insert into ILOGADMIN.ORGANIZATION_ORG_TYPE (MSRB_ID,ORG_TYPE_ID,UPDATE_USER,UPDATE_DATE,CONF_STATUS,REGISTRATION_STATUS,REGISTRATION_USER,REGISTRATION_DATE,AUTHORIZATION_STATUS,AUTHORIZATION_USER,AUTHORIZATION_DATE,WITHDRAWAL_STATUS,WITHDRAWAL_USER,WITHDRAWAL_DATE,SEC_REGISTRATION_NUMBER,SECID_VERIFIED,SECID_VERIFIED_BY,SECID_VERIFIED_DATE,CRD_NUMBER,CRD_VERIFIED,CRD_VERIFIED_BY,CRD_VERIFIED_DATE,PAID_VERIFIED,PAID_VERIFIED_BY,PAID_VERIFIED_DATE,TAX_ID,TAX_ID_VERIFIED,TAX_ID_VERIFIED_BY,TAX_ID_VERIFIED_DATE,WEB_URL,LEGAL_ENTITY_ID,LEI_VERIFIED,LEI_VERIFIED_BY,LEI_VERIFIED_DATE,FORM_ID,TRADE_INFO_VERIFIED,TRADE_INFO_VERIFIED_BY,TRADE_INFO_VERIFIED_DATE) values ('MASTERUSER','MSRB','LFOX',to_date('18-OCT-2008 08:23:58','DD-MON-YYYY HH24:MI:SS'),0,null,null,null,1,null,null,null,null,null,null,null,null,null,null,null,null,null,null,null,null,null,null,null,null,null,null,0,null,null,null,null,null,null);
Insert into ILOGADMIN.ORGANIZATION_ORG_TYPE (MSRB_ID,ORG_TYPE_ID,UPDATE_USER,UPDATE_DATE,CONF_STATUS,REGISTRATION_STATUS,REGISTRATION_USER,REGISTRATION_DATE,AUTHORIZATION_STATUS,AUTHORIZATION_USER,AUTHORIZATION_DATE,WITHDRAWAL_STATUS,WITHDRAWAL_USER,WITHDRAWAL_DATE,SEC_REGISTRATION_NUMBER,SECID_VERIFIED,SECID_VERIFIED_BY,SECID_VERIFIED_DATE,CRD_NUMBER,CRD_VERIFIED,CRD_VERIFIED_BY,CRD_VERIFIED_DATE,PAID_VERIFIED,PAID_VERIFIED_BY,PAID_VERIFIED_DATE,TAX_ID,TAX_ID_VERIFIED,TAX_ID_VERIFIED_BY,TAX_ID_VERIFIED_DATE,WEB_URL,LEGAL_ENTITY_ID,LEI_VERIFIED,LEI_VERIFIED_BY,LEI_VERIFIED_DATE,FORM_ID,TRADE_INFO_VERIFIED,TRADE_INFO_VERIFIED_BY,TRADE_INFO_VERIFIED_DATE) values ('MASTERUSER','OBLIGOR','CR2788',to_date('31-JAN-2014 09:28:34','DD-MON-YYYY HH24:MI:SS'),1,null,null,null,null,null,null,1,'CR2788',to_date('31-JAN-2014 09:28:34','DD-MON-YYYY HH24:MI:SS'),null,null,null,null,null,null,null,null,null,null,null,null,null,null,null,null,null,0,null,null,null,null,null,null);
Insert into ILOGADMIN.ORGANIZATION_ORG_TYPE (MSRB_ID,ORG_TYPE_ID,UPDATE_USER,UPDATE_DATE,CONF_STATUS,REGISTRATION_STATUS,REGISTRATION_USER,REGISTRATION_DATE,AUTHORIZATION_STATUS,AUTHORIZATION_USER,AUTHORIZATION_DATE,WITHDRAWAL_STATUS,WITHDRAWAL_USER,WITHDRAWAL_DATE,SEC_REGISTRATION_NUMBER,SECID_VERIFIED,SECID_VERIFIED_BY,SECID_VERIFIED_DATE,CRD_NUMBER,CRD_VERIFIED,CRD_VERIFIED_BY,CRD_VERIFIED_DATE,PAID_VERIFIED,PAID_VERIFIED_BY,PAID_VERIFIED_DATE,TAX_ID,TAX_ID_VERIFIED,TAX_ID_VERIFIED_BY,TAX_ID_VERIFIED_DATE,WEB_URL,LEGAL_ENTITY_ID,LEI_VERIFIED,LEI_VERIFIED_BY,LEI_VERIFIED_DATE,FORM_ID,TRADE_INFO_VERIFIED,TRADE_INFO_VERIFIED_BY,TRADE_INFO_VERIFIED_DATE) values ('MASTERUSER','REGULATOR','SCOOK',to_date('16-APR-2010 22:35:19','DD-MON-YYYY HH24:MI:SS'),0,null,null,null,1,'SYSTEM',to_date('30-APR-2012 18:48:15','DD-MON-YYYY HH24:MI:SS'),null,null,null,null,null,null,null,null,null,null,null,null,null,null,null,null,null,null,null,null,0,null,null,null,null,null,null);
Insert into ILOGADMIN.ORGANIZATION_ORG_TYPE (MSRB_ID,ORG_TYPE_ID,UPDATE_USER,UPDATE_DATE,CONF_STATUS,REGISTRATION_STATUS,REGISTRATION_USER,REGISTRATION_DATE,AUTHORIZATION_STATUS,AUTHORIZATION_USER,AUTHORIZATION_DATE,WITHDRAWAL_STATUS,WITHDRAWAL_USER,WITHDRAWAL_DATE,SEC_REGISTRATION_NUMBER,SECID_VERIFIED,SECID_VERIFIED_BY,SECID_VERIFIED_DATE,CRD_NUMBER,CRD_VERIFIED,CRD_VERIFIED_BY,CRD_VERIFIED_DATE,PAID_VERIFIED,PAID_VERIFIED_BY,PAID_VERIFIED_DATE,TAX_ID,TAX_ID_VERIFIED,TAX_ID_VERIFIED_BY,TAX_ID_VERIFIED_DATE,WEB_URL,LEGAL_ENTITY_ID,LEI_VERIFIED,LEI_VERIFIED_BY,LEI_VERIFIED_DATE,FORM_ID,TRADE_INFO_VERIFIED,TRADE_INFO_VERIFIED_BY,TRADE_INFO_VERIFIED_DATE) values ('MASTERUSER','SMAGENT','CR2788',to_date('31-JAN-2014 09:28:34','DD-MON-YYYY HH24:MI:SS'),1,null,null,null,null,null,null,1,'CR2788',to_date('31-JAN-2014 09:28:34','DD-MON-YYYY HH24:MI:SS'),null,null,null,null,null,null,null,null,null,null,null,null,null,null,null,null,null,0,null,null,null,null,null,null);

REM INSERTING into AGENT_RELATIONSHIPS
SET DEFINE OFF;
Insert into ILOGADMIN.AGENT_RELATIONSHIPS (PRINCIPAL_MSRB_ID,AGENT_MSRB_ID,SUBMISSION_TYPE_ID,PRINCIPAL_CONFIRMATION_STATUS,PRINCIPAL_CONFIRMATION_USER,PRINCIPAL_CONFIRMATION_DATE,AGENT_CONFIRMATION_STATUS,AGENT_CONFIRMATION_USER,AGENT_CONFIRMATION_DATE,UPDATE_MSRB_ID,UPDATE_USER,UPDATE_DATE,FORM_ID) values ('MASTERUSER','MSRB','RTRS',1,'RTRSLOAD',to_date('07-FEB-2013 16:49:50','DD-MON-YYYY HH24:MI:SS'),1,'RTRSLOAD',to_date('07-FEB-2013 16:49:50','DD-MON-YYYY HH24:MI:SS'),'MSRB','RTRSLOAD',to_timestamp('13-APR-2013 12.56.17.000000000 PM','DD-MON-YYYY HH.MI.SSXFF AM'),'F91928F09019519F9324C102956BFCA5');
Insert into ILOGADMIN.AGENT_RELATIONSHIPS (PRINCIPAL_MSRB_ID,AGENT_MSRB_ID,SUBMISSION_TYPE_ID,PRINCIPAL_CONFIRMATION_STATUS,PRINCIPAL_CONFIRMATION_USER,PRINCIPAL_CONFIRMATION_DATE,AGENT_CONFIRMATION_STATUS,AGENT_CONFIRMATION_USER,AGENT_CONFIRMATION_DATE,UPDATE_MSRB_ID,UPDATE_USER,UPDATE_DATE,FORM_ID) values ('MASTERUSER','MSRB3','RTRS',1,'RTRSLOAD',to_date('30-JUN-2004 08:26:37','DD-MON-YYYY HH24:MI:SS'),1,'RTRSLOAD',to_date('30-JUN-2004 08:26:37','DD-MON-YYYY HH24:MI:SS'),'MSRB','RTRSLOAD',to_timestamp('13-APR-2013 12.56.17.000000000 PM','DD-MON-YYYY HH.MI.SSXFF AM'),'F91928F09019519F9324C102956BFCA5');
COMMIT;
-------------------------
-------------REGULATOR
-------------------------
REM DELETE from ILOGADMIN.USER_DETAILS
SET DEFINE OFF;
Delete from ILOGADMIN.USER_DETAILS where user_id = 'REGULATOR';

REM Delete from ILOGADMIN.USER_APPLICATION
SET DEFINE OFF;
Delete from ILOGADMIN.USER_APPLICATION where user_id = 'REGULATOR';

REM Delete from ILOGADMIN.USER_LOGIN
SET DEFINE OFF;
Delete from ILOGADMIN.USER_LOGIN where user_id = 'REGULATOR';

REM Delete from ILOGADMIN.ORGANIZATION_ORG_TYPE
SET DEFINE OFF;
Delete from ILOGADMIN.ORGANIZATION_ORG_TYPE where msrb_id = 'FINRATEST';

REM Delete from ILOGADMIN.ORGANIZATION
SET DEFINE OFF;
Delete from ILOGADMIN.ORGANIZATION where msrb_id = 'FINRATEST';
-------------------------
REM INSERTING into USER_LOGIN
SET DEFINE OFF;
Insert into ILOGADMIN.USER_LOGIN (USER_ID,PASSWORD,PW_DATE,FORCE_PW_CHANGE_FLAG,SESSION_KEY,SESSION_KEY_DATE,ACCOUNT_LOCKED_SYSTEM_FLAG,ACCOUNT_LOCKED_MANUAL_FLAG,ACCOUNT_LOCKED_DATE,CREATION_USER,CREATION_DATE,UPDATE_USER,UPDATE_DATE,ACCOUNT_DISABLED_FLAG,LAST_LOGIN,TAC_ACCEPTED_FLAG,PENDING,PWD_RETRIEVAL_KEY,PWD_RETRIEVAL_KEY_DATE) values ('REGULATOR','gw*loginMSRB1',to_date('22-JAN-2015 09:59:18','DD-MON-YYYY HH24:MI:SS'),0,null,null,0,0,null,null,null,'SCOOK',to_date('22-JAN-2015 15:26:31','DD-MON-YYYY HH24:MI:SS'),0,to_date('22-JAN-2015 15:27:40','DD-MON-YYYY HH24:MI:SS'),null,null,null,null);

REM INSERTING into USER_DETAILS
SET DEFINE OFF;
Insert into ILOGADMIN.USER_DETAILS (USER_ID,MSRB_ID,USER_FIRST_NAME,USER_MIDDLE_NAME,USER_LAST_NAME,USER_NAME_SUFFIX,PHONE_AREA_CODE,PHONE_PREFIX,PHONE_SUFFIX,PHONE_EXTENSION,FAX_AREA_CODE,FAX_PREFIX,FAX_SUFFIX,EMAIL_ADDRESS,ADDRESS1,ADDRESS2,CITY,STATE,COUNTRY,ZIP_CODE,UPDATE_USER,UPDATE_DATE,DEPARTMENT,TITLE) values ('REGULATOR','FINRATEST','ACCOUNT',null,'ADMINISTRATOR',null,'206','382','3461',null,'206','623','2518','regressiontestemail@msrb.org','601 UNION ST.','SUITE 1616','SEATTLE','WA',null,'98104','SCOOK',to_date('22-JAN-2015 15:26:31','DD-MON-YYYY HH24:MI:SS'),null,'LAN Administrator');

REM INSERTING into USER_APPLICATION
SET DEFINE OFF;
Insert into ILOGADMIN.USER_APPLICATION (USER_ID,APPLICATION_ID,USER_APP_STATUS,LAST_ACCESSED,UPDATE_USER,UPDATE_DATE) values ('REGULATOR','ACCTMANAGER','ENABLED',null,'FINRAMASTER1',to_date('13-MAY-2010 13:05:03','DD-MON-YYYY HH24:MI:SS'));
Insert into ILOGADMIN.USER_APPLICATION (USER_ID,APPLICATION_ID,USER_APP_STATUS,LAST_ACCESSED,UPDATE_USER,UPDATE_DATE) values ('REGULATOR','AGENCY','ENABLED',null,'SCOOK',to_date('22-JAN-2015 15:26:31','DD-MON-YYYY HH24:MI:SS'));
Insert into ILOGADMIN.USER_APPLICATION (USER_ID,APPLICATION_ID,USER_APP_STATUS,LAST_ACCESSED,UPDATE_USER,UPDATE_DATE) values ('REGULATOR','EXAMINER','ENABLED',null,'FINRAMASTER1',to_date('13-MAY-2010 13:05:03','DD-MON-YYYY HH24:MI:SS'));
Insert into ILOGADMIN.USER_APPLICATION (USER_ID,APPLICATION_ID,USER_APP_STATUS,LAST_ACCESSED,UPDATE_USER,UPDATE_DATE) values ('REGULATOR','FORMRTRS_REG','ENABLED',null,'SCOOK',to_date('22-JAN-2015 15:26:31','DD-MON-YYYY HH24:MI:SS'));
Insert into ILOGADMIN.USER_APPLICATION (USER_ID,APPLICATION_ID,USER_APP_STATUS,LAST_ACCESSED,UPDATE_USER,UPDATE_DATE) values ('REGULATOR','REGULATOR_MKT','ENABLED',null,'SCOOK',to_date('22-JAN-2015 15:26:31','DD-MON-YYYY HH24:MI:SS'));

REM INSERTING into ORGANIZATION
SET DEFINE OFF;
Insert into ILOGADMIN.ORGANIZATION (MSRB_ID,ORG_NAME,ADDRESS1,ADDRESS2,CITY,STATE,COUNTRY,ZIP_CODE,PHONE_AREA_CODE,PHONE_PREFIX,PHONE_SUFFIX,PHONE_EXTENSION,FAX_AREA_CODE,FAX_PREFIX,FAX_SUFFIX,HIDDEN_FLAG,CREATE_USER,CREATE_DATE,WITHDRAWAL_USER,WITHDRAWAL_DATE,UPDATE_USER,UPDATE_DATE,PARENT_MSRB_ID,BANK) values ('FINRATEST','REGULATOR',null,null,null,null,null,null,null,null,null,null,null,null,null,1,'SCOOK',to_date('16-APR-2010 22:35:19','DD-MON-YYYY HH24:MI:SS'),null,null,'SCOOK',to_date('16-APR-2010 22:35:19','DD-MON-YYYY HH24:MI:SS'),null,0);

REM INSERTING into ORGANIZATION_ORG_TYPE
SET DEFINE OFF;
Insert into ILOGADMIN.ORGANIZATION_ORG_TYPE (MSRB_ID,ORG_TYPE_ID,UPDATE_USER,UPDATE_DATE,CONF_STATUS,REGISTRATION_STATUS,REGISTRATION_USER,REGISTRATION_DATE,AUTHORIZATION_STATUS,AUTHORIZATION_USER,AUTHORIZATION_DATE,WITHDRAWAL_STATUS,WITHDRAWAL_USER,WITHDRAWAL_DATE,SEC_REGISTRATION_NUMBER,SECID_VERIFIED,SECID_VERIFIED_BY,SECID_VERIFIED_DATE,CRD_NUMBER,CRD_VERIFIED,CRD_VERIFIED_BY,CRD_VERIFIED_DATE,PAID_VERIFIED,PAID_VERIFIED_BY,PAID_VERIFIED_DATE,TAX_ID,TAX_ID_VERIFIED,TAX_ID_VERIFIED_BY,TAX_ID_VERIFIED_DATE,WEB_URL,LEGAL_ENTITY_ID,LEI_VERIFIED,LEI_VERIFIED_BY,LEI_VERIFIED_DATE,FORM_ID,TRADE_INFO_VERIFIED,TRADE_INFO_VERIFIED_BY,TRADE_INFO_VERIFIED_DATE) values ('FINRATEST','REGULATOR','SCOOK',to_date('16-APR-2010 22:35:19','DD-MON-YYYY HH24:MI:SS'),0,null,null,null,1,'SYSTEM',to_date('30-APR-2012 18:48:15','DD-MON-YYYY HH24:MI:SS'),null,null,null,null,null,null,null,null,null,null,null,null,null,null,null,null,null,null,null,null,0,null,null,null,null,null,null);
COMMIT;
-------------------------
-------------STAFF
-------------------------
REM DELETE from ILOGADMIN.USER_DETAILS
SET DEFINE OFF;
Delete from ILOGADMIN.USER_DETAILS where user_id = 'GWSTAFF';

REM Delete from ILOGADMIN.USER_APPLICATION
SET DEFINE OFF;
Delete from ILOGADMIN.USER_APPLICATION where user_id = 'GWSTAFF';

REM Delete from ILOGADMIN.USER_LOGIN
SET DEFINE OFF;
Delete from ILOGADMIN.USER_LOGIN where user_id = 'GWSTAFF';

REM Delete from ILOGADMIN.ORGANIZATION_ORG_TYPE
SET DEFINE OFF;
Delete from ILOGADMIN.ORGANIZATION_ORG_TYPE where msrb_id = 'MSRB999';

REM Delete from ILOGADMIN.ORGANIZATION
SET DEFINE OFF;
Delete from ILOGADMIN.ORGANIZATION where msrb_id = 'MSRB999';
-------------------------
REM INSERTING into USER_LOGIN
SET DEFINE OFF;
Insert into ILOGADMIN.USER_LOGIN (USER_ID,PASSWORD,PW_DATE,FORCE_PW_CHANGE_FLAG,SESSION_KEY,SESSION_KEY_DATE,ACCOUNT_LOCKED_SYSTEM_FLAG,ACCOUNT_LOCKED_MANUAL_FLAG,ACCOUNT_LOCKED_DATE,CREATION_USER,CREATION_DATE,UPDATE_USER,UPDATE_DATE,ACCOUNT_DISABLED_FLAG,LAST_LOGIN,TAC_ACCEPTED_FLAG,PENDING,PWD_RETRIEVAL_KEY,PWD_RETRIEVAL_KEY_DATE) values ('GWSTAFF','gw*loginMSRB1',to_date('22-JAN-2015 09:59:18','DD-MON-YYYY HH24:MI:SS'),0,null,to_date('21-APR-2014 10:51:10','DD-MON-YYYY HH24:MI:SS'),0,0,null,null,null,'DALEXANDER',to_date('10-APR-2014 16:50:26','DD-MON-YYYY HH24:MI:SS'),0,to_date('22-JAN-2015 16:41:32','DD-MON-YYYY HH24:MI:SS'),1,null,'hA49EtJQbWVtVKtYPBxf39ZbAPEbNN',to_date('17-MAR-2014 15:03:55','DD-MON-YYYY HH24:MI:SS'));

REM INSERTING into USER_DETAILS
SET DEFINE OFF;
Insert into ILOGADMIN.USER_DETAILS (USER_ID,MSRB_ID,USER_FIRST_NAME,USER_MIDDLE_NAME,USER_LAST_NAME,USER_NAME_SUFFIX,PHONE_AREA_CODE,PHONE_PREFIX,PHONE_SUFFIX,PHONE_EXTENSION,FAX_AREA_CODE,FAX_PREFIX,FAX_SUFFIX,EMAIL_ADDRESS,ADDRESS1,ADDRESS2,CITY,STATE,COUNTRY,ZIP_CODE,UPDATE_USER,UPDATE_DATE,DEPARTMENT,TITLE) values ('GWSTAFF','MSRB999','SHANE',null,'PARKER',null,'703','797','6642',null,null,null,null,'regressiontestemail@msrb.org','1900 DUKE STREET SUITE 600',null,'ALEXANDRIA','VA','US','22314','DALEXANDER',to_date('10-APR-2014 16:50:26','DD-MON-YYYY HH24:MI:SS'),null,null);

REM INSERTING into USER_APPLICATION
SET DEFINE OFF;
Insert into ILOGADMIN.USER_APPLICATION (USER_ID,APPLICATION_ID,USER_APP_STATUS,LAST_ACCESSED,UPDATE_USER,UPDATE_DATE) values ('GWSTAFF','AVTSSUBMITTER','ENABLED',to_date('06-MAR-2014 13:21:23','DD-MON-YYYY HH24:MI:SS'),'DPUGH',to_date('11-APR-2011 09:18:29','DD-MON-YYYY HH24:MI:SS'));
Insert into ILOGADMIN.USER_APPLICATION (USER_ID,APPLICATION_ID,USER_APP_STATUS,LAST_ACCESSED,UPDATE_USER,UPDATE_DATE) values ('GWSTAFF','CALLCENTER','ENABLED',to_date('13-MAY-2011 13:23:46','DD-MON-YYYY HH24:MI:SS'),'DPUGH',to_date('22-FEB-2010 18:57:42','DD-MON-YYYY HH24:MI:SS'));
Insert into ILOGADMIN.USER_APPLICATION (USER_ID,APPLICATION_ID,USER_APP_STATUS,LAST_ACCESSED,UPDATE_USER,UPDATE_DATE) values ('GWSTAFF','DQDASHBOARD','ENABLED',to_date('21-APR-2014 10:51:01','DD-MON-YYYY HH24:MI:SS'),'MDENBOBA',to_date('02-SEP-2011 10:31:47','DD-MON-YYYY HH24:MI:SS'));
Insert into ILOGADMIN.USER_APPLICATION (USER_ID,APPLICATION_ID,USER_APP_STATUS,LAST_ACCESSED,UPDATE_USER,UPDATE_DATE) values ('GWSTAFF','DQDBSUPER','ENABLED',null,'SPARKER',to_date('13-APR-2012 23:00:20','DD-MON-YYYY HH24:MI:SS'));
Insert into ILOGADMIN.USER_APPLICATION (USER_ID,APPLICATION_ID,USER_APP_STATUS,LAST_ACCESSED,UPDATE_USER,UPDATE_DATE) values ('GWSTAFF','EMMA120150','ENABLED',null,'DPUGH',to_date('03-JUN-2011 13:03:28','DD-MON-YYYY HH24:MI:SS'));
Insert into ILOGADMIN.USER_APPLICATION (USER_ID,APPLICATION_ID,USER_APP_STATUS,LAST_ACCESSED,UPDATE_USER,UPDATE_DATE) values ('GWSTAFF','EMMASTAFFSUBMIT','ENABLED',null,'DPUGH',to_date('16-JUN-2011 11:00:25','DD-MON-YYYY HH24:MI:SS'));
Insert into ILOGADMIN.USER_APPLICATION (USER_ID,APPLICATION_ID,USER_APP_STATUS,LAST_ACCESSED,UPDATE_USER,UPDATE_DATE) values ('GWSTAFF','EOSMGT','ENABLED',null,'SPARKER',to_date('25-JUN-2011 12:30:33','DD-MON-YYYY HH24:MI:SS'));
Insert into ILOGADMIN.USER_APPLICATION (USER_ID,APPLICATION_ID,USER_APP_STATUS,LAST_ACCESSED,UPDATE_USER,UPDATE_DATE) values ('GWSTAFF','G37SUPER','ENABLED',null,'RKEYSER',to_date('19-FEB-2013 11:00:48','DD-MON-YYYY HH24:MI:SS'));
Insert into ILOGADMIN.USER_APPLICATION (USER_ID,APPLICATION_ID,USER_APP_STATUS,LAST_ACCESSED,UPDATE_USER,UPDATE_DATE) values ('GWSTAFF','G40ADMIN','ENABLED',to_date('21-APR-2014 15:34:40','DD-MON-YYYY HH24:MI:SS'),'DPUGH',to_date('30-DEC-2009 10:08:19','DD-MON-YYYY HH24:MI:SS'));
Insert into ILOGADMIN.USER_APPLICATION (USER_ID,APPLICATION_ID,USER_APP_STATUS,LAST_ACCESSED,UPDATE_USER,UPDATE_DATE) values ('GWSTAFF','MSRBNet','ENABLED',null,'DPUGH',to_date('20-NOV-2007 13:15:33','DD-MON-YYYY HH24:MI:SS'));
Insert into ILOGADMIN.USER_APPLICATION (USER_ID,APPLICATION_ID,USER_APP_STATUS,LAST_ACCESSED,UPDATE_USER,UPDATE_DATE) values ('GWSTAFF','REGWEBHOT','ENABLED',null,'SPARKER',to_date('10-FEB-2010 09:59:20','DD-MON-YYYY HH24:MI:SS'));
Insert into ILOGADMIN.USER_APPLICATION (USER_ID,APPLICATION_ID,USER_APP_STATUS,LAST_ACCESSED,UPDATE_USER,UPDATE_DATE) values ('GWSTAFF','REGWEBPROD','ENABLED',null,'SPARKER',to_date('10-FEB-2010 09:56:20','DD-MON-YYYY HH24:MI:SS'));
Insert into ILOGADMIN.USER_APPLICATION (USER_ID,APPLICATION_ID,USER_APP_STATUS,LAST_ACCESSED,UPDATE_USER,UPDATE_DATE) values ('GWSTAFF','REMOTE','ENABLED',to_date('18-APR-2014 14:20:51','DD-MON-YYYY HH24:MI:SS'),'RKEYSER',to_date('19-DEC-2013 15:11:11','DD-MON-YYYY HH24:MI:SS'));
Insert into ILOGADMIN.USER_APPLICATION (USER_ID,APPLICATION_ID,USER_APP_STATUS,LAST_ACCESSED,UPDATE_USER,UPDATE_DATE) values ('GWSTAFF','RTRSWEBTST','ENABLED',to_date('18-MAY-2012 23:07:43','DD-MON-YYYY HH24:MI:SS'),'DPUGH',to_date('03-OCT-2008 15:50:11','DD-MON-YYYY HH24:MI:SS'));
Insert into ILOGADMIN.USER_APPLICATION (USER_ID,APPLICATION_ID,USER_APP_STATUS,LAST_ACCESSED,UPDATE_USER,UPDATE_DATE) values ('GWSTAFF','STAFF','ENABLED',to_date('02-OCT-2008 09:12:23','DD-MON-YYYY HH24:MI:SS'),'DPUGH',to_date('20-NOV-2007 13:15:33','DD-MON-YYYY HH24:MI:SS'));
Insert into ILOGADMIN.USER_APPLICATION (USER_ID,APPLICATION_ID,USER_APP_STATUS,LAST_ACCESSED,UPDATE_USER,UPDATE_DATE) values ('GWSTAFF','SYSOUTAGEUSER','ENABLED',to_date('14-APR-2014 10:36:13','DD-MON-YYYY HH24:MI:SS'),'RKEYSER',to_date('02-OCT-2012 09:40:30','DD-MON-YYYY HH24:MI:SS'));
Insert into ILOGADMIN.USER_APPLICATION (USER_ID,APPLICATION_ID,USER_APP_STATUS,LAST_ACCESSED,UPDATE_USER,UPDATE_DATE) values ('GWSTAFF','TRA','ENABLED',to_date('21-APR-2014 15:34:33','DD-MON-YYYY HH24:MI:SS'),'DPUGH',to_date('07-JUL-2009 12:01:52','DD-MON-YYYY HH24:MI:SS'));
Insert into ILOGADMIN.USER_APPLICATION (USER_ID,APPLICATION_ID,USER_APP_STATUS,LAST_ACCESSED,UPDATE_USER,UPDATE_DATE) values ('GWSTAFF','USERADMIN','ENABLED',to_date('22-JAN-2015 16:41:48','DD-MON-YYYY HH24:MI:SS'),'DPUGH',to_date('30-DEC-2009 10:07:11','DD-MON-YYYY HH24:MI:SS'));
Insert into ILOGADMIN.USER_APPLICATION (USER_ID,APPLICATION_ID,USER_APP_STATUS,LAST_ACCESSED,UPDATE_USER,UPDATE_DATE) values ('GWSTAFF','VOLOSARD','ENABLED',null,'DPUGH',to_date('03-JUN-2011 13:03:28','DD-MON-YYYY HH24:MI:SS'));
Insert into ILOGADMIN.USER_APPLICATION (USER_ID,APPLICATION_ID,USER_APP_STATUS,LAST_ACCESSED,UPDATE_USER,UPDATE_DATE) values ('GWSTAFF','VOLPSALE','ENABLED',null,'DPUGH',to_date('03-JUN-2011 13:03:28','DD-MON-YYYY HH24:MI:SS'));
Insert into ILOGADMIN.USER_APPLICATION (USER_ID,APPLICATION_ID,USER_APP_STATUS,LAST_ACCESSED,UPDATE_USER,UPDATE_DATE) values ('GWSTAFF','eG37','ENABLED',to_date('24-MAR-2012 21:30:38','DD-MON-YYYY HH24:MI:SS'),'DPUGH',to_date('11-NOV-2009 08:14:57','DD-MON-YYYY HH24:MI:SS'));
Insert into ILOGADMIN.USER_APPLICATION (USER_ID,APPLICATION_ID,USER_APP_STATUS,LAST_ACCESSED,UPDATE_USER,UPDATE_DATE) values ('GWSTAFF','G45SUBMIT','ENABLED',to_date('24-MAR-2012 21:30:38','DD-MON-YYYY HH24:MI:SS'),'DPUGH',to_date('11-NOV-2009 08:14:57','DD-MON-YYYY HH24:MI:SS'));

REM INSERTING into ORGANIZATION
SET DEFINE OFF;
Insert into ILOGADMIN.ORGANIZATION (MSRB_ID,ORG_NAME,ADDRESS1,ADDRESS2,CITY,STATE,COUNTRY,ZIP_CODE,PHONE_AREA_CODE,PHONE_PREFIX,PHONE_SUFFIX,PHONE_EXTENSION,FAX_AREA_CODE,FAX_PREFIX,FAX_SUFFIX,HIDDEN_FLAG,CREATE_USER,CREATE_DATE,WITHDRAWAL_USER,WITHDRAWAL_DATE,UPDATE_USER,UPDATE_DATE,PARENT_MSRB_ID,BANK) values ('MSRB999','MSRB',null,null,null,null,null,null,null,null,null,null,null,null,null,null,null,to_date('20-JUN-2009 10:19:31','DD-MON-YYYY HH24:MI:SS'),null,null,null,to_date('20-JUN-2009 10:19:31','DD-MON-YYYY HH24:MI:SS'),null,0);

REM INSERTING into ORGANIZATION_ORG_TYPE
SET DEFINE OFF;
Insert into ILOGADMIN.ORGANIZATION_ORG_TYPE (MSRB_ID,ORG_TYPE_ID,UPDATE_USER,UPDATE_DATE,CONF_STATUS,REGISTRATION_STATUS,REGISTRATION_USER,REGISTRATION_DATE,AUTHORIZATION_STATUS,AUTHORIZATION_USER,AUTHORIZATION_DATE,WITHDRAWAL_STATUS,WITHDRAWAL_USER,WITHDRAWAL_DATE,SEC_REGISTRATION_NUMBER,SECID_VERIFIED,SECID_VERIFIED_BY,SECID_VERIFIED_DATE,CRD_NUMBER,CRD_VERIFIED,CRD_VERIFIED_BY,CRD_VERIFIED_DATE,PAID_VERIFIED,PAID_VERIFIED_BY,PAID_VERIFIED_DATE,TAX_ID,TAX_ID_VERIFIED,TAX_ID_VERIFIED_BY,TAX_ID_VERIFIED_DATE,WEB_URL,LEGAL_ENTITY_ID,LEI_VERIFIED,LEI_VERIFIED_BY,LEI_VERIFIED_DATE,FORM_ID,TRADE_INFO_VERIFIED,TRADE_INFO_VERIFIED_BY,TRADE_INFO_VERIFIED_DATE) values ('MSRB999','ISSUER','CR2788',to_date('31-JAN-2014 09:28:34','DD-MON-YYYY HH24:MI:SS'),1,null,null,null,null,null,null,1,'CR2788',to_date('31-JAN-2014 09:28:34','DD-MON-YYYY HH24:MI:SS'),null,null,null,null,null,null,null,null,null,null,null,null,null,null,null,null,null,0,null,null,null,null,null,null);
Insert into ILOGADMIN.ORGANIZATION_ORG_TYPE (MSRB_ID,ORG_TYPE_ID,UPDATE_USER,UPDATE_DATE,CONF_STATUS,REGISTRATION_STATUS,REGISTRATION_USER,REGISTRATION_DATE,AUTHORIZATION_STATUS,AUTHORIZATION_USER,AUTHORIZATION_DATE,WITHDRAWAL_STATUS,WITHDRAWAL_USER,WITHDRAWAL_DATE,SEC_REGISTRATION_NUMBER,SECID_VERIFIED,SECID_VERIFIED_BY,SECID_VERIFIED_DATE,CRD_NUMBER,CRD_VERIFIED,CRD_VERIFIED_BY,CRD_VERIFIED_DATE,PAID_VERIFIED,PAID_VERIFIED_BY,PAID_VERIFIED_DATE,TAX_ID,TAX_ID_VERIFIED,TAX_ID_VERIFIED_BY,TAX_ID_VERIFIED_DATE,WEB_URL,LEGAL_ENTITY_ID,LEI_VERIFIED,LEI_VERIFIED_BY,LEI_VERIFIED_DATE,FORM_ID,TRADE_INFO_VERIFIED,TRADE_INFO_VERIFIED_BY,TRADE_INFO_VERIFIED_DATE) values ('MSRB999','MSRB','LFOX',to_date('18-OCT-2008 08:23:58','DD-MON-YYYY HH24:MI:SS'),0,null,null,null,1,null,null,null,null,null,null,null,null,null,null,null,null,null,null,null,null,null,null,null,null,null,null,0,null,null,null,null,null,null);
Insert into ILOGADMIN.ORGANIZATION_ORG_TYPE (MSRB_ID,ORG_TYPE_ID,UPDATE_USER,UPDATE_DATE,CONF_STATUS,REGISTRATION_STATUS,REGISTRATION_USER,REGISTRATION_DATE,AUTHORIZATION_STATUS,AUTHORIZATION_USER,AUTHORIZATION_DATE,WITHDRAWAL_STATUS,WITHDRAWAL_USER,WITHDRAWAL_DATE,SEC_REGISTRATION_NUMBER,SECID_VERIFIED,SECID_VERIFIED_BY,SECID_VERIFIED_DATE,CRD_NUMBER,CRD_VERIFIED,CRD_VERIFIED_BY,CRD_VERIFIED_DATE,PAID_VERIFIED,PAID_VERIFIED_BY,PAID_VERIFIED_DATE,TAX_ID,TAX_ID_VERIFIED,TAX_ID_VERIFIED_BY,TAX_ID_VERIFIED_DATE,WEB_URL,LEGAL_ENTITY_ID,LEI_VERIFIED,LEI_VERIFIED_BY,LEI_VERIFIED_DATE,FORM_ID,TRADE_INFO_VERIFIED,TRADE_INFO_VERIFIED_BY,TRADE_INFO_VERIFIED_DATE) values ('MSRB999','OBLIGOR','CR2788',to_date('31-JAN-2014 09:28:34','DD-MON-YYYY HH24:MI:SS'),1,null,null,null,null,null,null,1,'CR2788',to_date('31-JAN-2014 09:28:34','DD-MON-YYYY HH24:MI:SS'),null,null,null,null,null,null,null,null,null,null,null,null,null,null,null,null,null,0,null,null,null,null,null,null);
Insert into ILOGADMIN.ORGANIZATION_ORG_TYPE (MSRB_ID,ORG_TYPE_ID,UPDATE_USER,UPDATE_DATE,CONF_STATUS,REGISTRATION_STATUS,REGISTRATION_USER,REGISTRATION_DATE,AUTHORIZATION_STATUS,AUTHORIZATION_USER,AUTHORIZATION_DATE,WITHDRAWAL_STATUS,WITHDRAWAL_USER,WITHDRAWAL_DATE,SEC_REGISTRATION_NUMBER,SECID_VERIFIED,SECID_VERIFIED_BY,SECID_VERIFIED_DATE,CRD_NUMBER,CRD_VERIFIED,CRD_VERIFIED_BY,CRD_VERIFIED_DATE,PAID_VERIFIED,PAID_VERIFIED_BY,PAID_VERIFIED_DATE,TAX_ID,TAX_ID_VERIFIED,TAX_ID_VERIFIED_BY,TAX_ID_VERIFIED_DATE,WEB_URL,LEGAL_ENTITY_ID,LEI_VERIFIED,LEI_VERIFIED_BY,LEI_VERIFIED_DATE,FORM_ID,TRADE_INFO_VERIFIED,TRADE_INFO_VERIFIED_BY,TRADE_INFO_VERIFIED_DATE) values ('MSRB999','REGULATOR','SCOOK',to_date('16-APR-2010 22:35:19','DD-MON-YYYY HH24:MI:SS'),0,null,null,null,1,'SYSTEM',to_date('30-APR-2012 18:48:15','DD-MON-YYYY HH24:MI:SS'),null,null,null,null,null,null,null,null,null,null,null,null,null,null,null,null,null,null,null,null,0,null,null,null,null,null,null);
Insert into ILOGADMIN.ORGANIZATION_ORG_TYPE (MSRB_ID,ORG_TYPE_ID,UPDATE_USER,UPDATE_DATE,CONF_STATUS,REGISTRATION_STATUS,REGISTRATION_USER,REGISTRATION_DATE,AUTHORIZATION_STATUS,AUTHORIZATION_USER,AUTHORIZATION_DATE,WITHDRAWAL_STATUS,WITHDRAWAL_USER,WITHDRAWAL_DATE,SEC_REGISTRATION_NUMBER,SECID_VERIFIED,SECID_VERIFIED_BY,SECID_VERIFIED_DATE,CRD_NUMBER,CRD_VERIFIED,CRD_VERIFIED_BY,CRD_VERIFIED_DATE,PAID_VERIFIED,PAID_VERIFIED_BY,PAID_VERIFIED_DATE,TAX_ID,TAX_ID_VERIFIED,TAX_ID_VERIFIED_BY,TAX_ID_VERIFIED_DATE,WEB_URL,LEGAL_ENTITY_ID,LEI_VERIFIED,LEI_VERIFIED_BY,LEI_VERIFIED_DATE,FORM_ID,TRADE_INFO_VERIFIED,TRADE_INFO_VERIFIED_BY,TRADE_INFO_VERIFIED_DATE) values ('MSRB999','SMAGENT','CR2788',to_date('31-JAN-2014 09:28:34','DD-MON-YYYY HH24:MI:SS'),1,null,null,null,null,null,null,1,'CR2788',to_date('31-JAN-2014 09:28:34','DD-MON-YYYY HH24:MI:SS'),null,null,null,null,null,null,null,null,null,null,null,null,null,null,null,null,null,0,null,null,null,null,null,null);
COMMIT;
-------------------------
-------------CONFISSUER
-------------------------
REM DELETE from ILOGADMIN.USER_DETAILS
SET DEFINE OFF;
Delete from ILOGADMIN.USER_DETAILS where user_id = 'CONFISSUER';

REM Delete from ILOGADMIN.USER_APPLICATION
SET DEFINE OFF;
Delete from ILOGADMIN.USER_APPLICATION where user_id = 'CONFISSUER';

REM Delete from ILOGADMIN.USER_LOGIN
SET DEFINE OFF;
Delete from ILOGADMIN.USER_LOGIN where user_id = 'CONFISSUER';

REM Delete from ILOGADMIN.ORGANIZATION_ORG_TYPE
SET DEFINE OFF;
Delete from ILOGADMIN.ORGANIZATION_ORG_TYPE where msrb_id = 'A24090001';

REM Delete from ILOGADMIN.ORGANIZATION
SET DEFINE OFF;
Delete from ILOGADMIN.ORGANIZATION where msrb_id = 'A24090001';
-------------------------
REM INSERTING into USER_LOGIN
SET DEFINE OFF;
Insert into ILOGADMIN.USER_LOGIN (USER_ID,PASSWORD,PW_DATE,FORCE_PW_CHANGE_FLAG,SESSION_KEY,SESSION_KEY_DATE,ACCOUNT_LOCKED_SYSTEM_FLAG,ACCOUNT_LOCKED_MANUAL_FLAG,ACCOUNT_LOCKED_DATE,CREATION_USER,CREATION_DATE,UPDATE_USER,UPDATE_DATE,ACCOUNT_DISABLED_FLAG,LAST_LOGIN,TAC_ACCEPTED_FLAG,PENDING,PWD_RETRIEVAL_KEY,PWD_RETRIEVAL_KEY_DATE) values ('CONFISSUER','gw*loginMSRB1',to_date('20-NOV-2014 13:01:40','DD-MON-YYYY HH24:MI:SS'),0,null,null,0,null,to_date('11-JAN-2011 15:26:11','DD-MON-YYYY HH24:MI:SS'),null,null,'JFAGAN',to_date('02-JUL-2007 17:33:32','DD-MON-YYYY HH24:MI:SS'),0,to_date('22-JAN-2015 15:39:08','DD-MON-YYYY HH24:MI:SS'),null,null,null,null);

REM INSERTING into USER_DETAILS
SET DEFINE OFF;
Insert into ILOGADMIN.USER_DETAILS (USER_ID,MSRB_ID,USER_FIRST_NAME,USER_MIDDLE_NAME,USER_LAST_NAME,USER_NAME_SUFFIX,PHONE_AREA_CODE,PHONE_PREFIX,PHONE_SUFFIX,PHONE_EXTENSION,FAX_AREA_CODE,FAX_PREFIX,FAX_SUFFIX,EMAIL_ADDRESS,ADDRESS1,ADDRESS2,CITY,STATE,COUNTRY,ZIP_CODE,UPDATE_USER,UPDATE_DATE,DEPARTMENT,TITLE) values ('CONFISSUER','A24090001','JAMES','A','FAGAN',null,'201','656','0115','17',null,null,null,'regressiontestemail@msrb.org','2 Hudson Place',null,'Hoboken','NJ',null,'07030','JFAGAN',to_date('22-JUL-2014 09:59:09','DD-MON-YYYY HH24:MI:SS'),null,null);

REM INSERTING into USER_APPLICATION
SET DEFINE OFF;
Insert into ILOGADMIN.USER_APPLICATION (USER_ID,APPLICATION_ID,USER_APP_STATUS,LAST_ACCESSED,UPDATE_USER,UPDATE_DATE) values ('CONFISSUER','ACCTMASTER','ENABLED',null,'LFOX',to_date('18-OCT-2008 08:23:57','DD-MON-YYYY HH24:MI:SS'));
Insert into ILOGADMIN.USER_APPLICATION (USER_ID,APPLICATION_ID,USER_APP_STATUS,LAST_ACCESSED,UPDATE_USER,UPDATE_DATE) values ('CONFISSUER','EMMASSUBMIT','ENABLED',null,'JFAGAN',to_date('04-NOV-2014 17:53:46','DD-MON-YYYY HH24:MI:SS'));
Insert into ILOGADMIN.USER_APPLICATION (USER_ID,APPLICATION_ID,USER_APP_STATUS,LAST_ACCESSED,UPDATE_USER,UPDATE_DATE) values ('CONFISSUER','REG_CNTCT_OPT','ENABLED',null,'JFAGAN',to_date('22-JUL-2014 09:59:09','DD-MON-YYYY HH24:MI:SS'));
Insert into ILOGADMIN.USER_APPLICATION (USER_ID,APPLICATION_ID,USER_APP_STATUS,LAST_ACCESSED,UPDATE_USER,UPDATE_DATE) values ('CONFISSUER','REG_CNTCT_PRIM','ENABLED',null,'JFAGAN',to_date('06-JAN-2014 10:07:15','DD-MON-YYYY HH24:MI:SS'));
Insert into ILOGADMIN.USER_APPLICATION (USER_ID,APPLICATION_ID,USER_APP_STATUS,LAST_ACCESSED,UPDATE_USER,UPDATE_DATE) values ('CONFISSUER','RTRSWEB','DISABLED',to_date('04-JAN-2012 14:07:09','DD-MON-YYYY HH24:MI:SS'),'HKEO',to_date('21-SEP-2004 12:20:30','DD-MON-YYYY HH24:MI:SS'));

REM INSERTING into ORGANIZATION
SET DEFINE OFF;
Insert into ILOGADMIN.ORGANIZATION (MSRB_ID,ORG_NAME,ADDRESS1,ADDRESS2,CITY,STATE,COUNTRY,ZIP_CODE,PHONE_AREA_CODE,PHONE_PREFIX,PHONE_SUFFIX,PHONE_EXTENSION,FAX_AREA_CODE,FAX_PREFIX,FAX_SUFFIX,HIDDEN_FLAG,CREATE_USER,CREATE_DATE,WITHDRAWAL_USER,WITHDRAWAL_DATE,UPDATE_USER,UPDATE_DATE,PARENT_MSRB_ID,BANK) values ('A24090001','NW Capital Markets Inc.','2 Hudson Place',null,'Hoboken','NJ',null,'07030',null,null,null,null,null,null,null,null,null,null,null,null,'TMOSLEY1',to_date('22-JUL-2014 10:14:54','DD-MON-YYYY HH24:MI:SS'),null,0);

REM INSERTING into ORGANIZATION_ORG_TYPE
SET DEFINE OFF;
Insert into ILOGADMIN.ORGANIZATION_ORG_TYPE (MSRB_ID,ORG_TYPE_ID,UPDATE_USER,UPDATE_DATE,CONF_STATUS,REGISTRATION_STATUS,REGISTRATION_USER,REGISTRATION_DATE,AUTHORIZATION_STATUS,AUTHORIZATION_USER,AUTHORIZATION_DATE,WITHDRAWAL_STATUS,WITHDRAWAL_USER,WITHDRAWAL_DATE,SEC_REGISTRATION_NUMBER,SECID_VERIFIED,SECID_VERIFIED_BY,SECID_VERIFIED_DATE,CRD_NUMBER,CRD_VERIFIED,CRD_VERIFIED_BY,CRD_VERIFIED_DATE,PAID_VERIFIED,PAID_VERIFIED_BY,PAID_VERIFIED_DATE,TAX_ID,TAX_ID_VERIFIED,TAX_ID_VERIFIED_BY,TAX_ID_VERIFIED_DATE,WEB_URL,LEGAL_ENTITY_ID,LEI_VERIFIED,LEI_VERIFIED_BY,LEI_VERIFIED_DATE,FORM_ID,TRADE_INFO_VERIFIED,TRADE_INFO_VERIFIED_BY,TRADE_INFO_VERIFIED_DATE) values ('A24090001','DEALER','TMOSLEY1',to_date('22-JUL-2014 10:14:54','DD-MON-YYYY HH24:MI:SS'),0,1,'SYSTEM',to_date('14-MAR-1986 00:00:00','DD-MON-YYYY HH24:MI:SS'),1,'SYSTEM',to_date('14-MAR-1986 00:00:00','DD-MON-YYYY HH24:MI:SS'),0,null,null,'8-35363',1,'TCALLAHAN',to_date('24-MAR-2011 12:04:37','DD-MON-YYYY HH24:MI:SS'),'17622',1,'TCALLAHAN',to_date('24-MAR-2011 12:04:36','DD-MON-YYYY HH24:MI:SS'),1,'SYSTEM',to_date('14-MAR-1986 00:00:00','DD-MON-YYYY HH24:MI:SS'),null,null,null,null,null,null,null,null,null,'d72bc9ff097d4394861715a872f8323c',1,'Tmosley1',to_date('13-JAN-2011 15:21:06','DD-MON-YYYY HH24:MI:SS'));
Insert into ILOGADMIN.ORGANIZATION_ORG_TYPE (MSRB_ID,ORG_TYPE_ID,UPDATE_USER,UPDATE_DATE,CONF_STATUS,REGISTRATION_STATUS,REGISTRATION_USER,REGISTRATION_DATE,AUTHORIZATION_STATUS,AUTHORIZATION_USER,AUTHORIZATION_DATE,WITHDRAWAL_STATUS,WITHDRAWAL_USER,WITHDRAWAL_DATE,SEC_REGISTRATION_NUMBER,SECID_VERIFIED,SECID_VERIFIED_BY,SECID_VERIFIED_DATE,CRD_NUMBER,CRD_VERIFIED,CRD_VERIFIED_BY,CRD_VERIFIED_DATE,PAID_VERIFIED,PAID_VERIFIED_BY,PAID_VERIFIED_DATE,TAX_ID,TAX_ID_VERIFIED,TAX_ID_VERIFIED_BY,TAX_ID_VERIFIED_DATE,WEB_URL,LEGAL_ENTITY_ID,LEI_VERIFIED,LEI_VERIFIED_BY,LEI_VERIFIED_DATE,FORM_ID,TRADE_INFO_VERIFIED,TRADE_INFO_VERIFIED_BY,TRADE_INFO_VERIFIED_DATE) values ('A24090001','ISSUER','DPRIEST',to_date('04-NOV-2014 17:55:13','DD-MON-YYYY HH24:MI:SS'),1,1,'DPRIEST',to_date('04-NOV-2014 17:53:46','DD-MON-YYYY HH24:MI:SS'),1,'SYSTEM',to_date('04-NOV-2014 17:53:46','DD-MON-YYYY HH24:MI:SS'),0,null,null,null,0,null,null,null,0,null,null,0,null,null,null,0,null,null,null,null,0,null,null,null,null,null,null);
Insert into ILOGADMIN.ORGANIZATION_ORG_TYPE (MSRB_ID,ORG_TYPE_ID,UPDATE_USER,UPDATE_DATE,CONF_STATUS,REGISTRATION_STATUS,REGISTRATION_USER,REGISTRATION_DATE,AUTHORIZATION_STATUS,AUTHORIZATION_USER,AUTHORIZATION_DATE,WITHDRAWAL_STATUS,WITHDRAWAL_USER,WITHDRAWAL_DATE,SEC_REGISTRATION_NUMBER,SECID_VERIFIED,SECID_VERIFIED_BY,SECID_VERIFIED_DATE,CRD_NUMBER,CRD_VERIFIED,CRD_VERIFIED_BY,CRD_VERIFIED_DATE,PAID_VERIFIED,PAID_VERIFIED_BY,PAID_VERIFIED_DATE,TAX_ID,TAX_ID_VERIFIED,TAX_ID_VERIFIED_BY,TAX_ID_VERIFIED_DATE,WEB_URL,LEGAL_ENTITY_ID,LEI_VERIFIED,LEI_VERIFIED_BY,LEI_VERIFIED_DATE,FORM_ID,TRADE_INFO_VERIFIED,TRADE_INFO_VERIFIED_BY,TRADE_INFO_VERIFIED_DATE) values ('A24090001','OBLIGOR','DPRIEST',to_date('04-NOV-2014 17:55:13','DD-MON-YYYY HH24:MI:SS'),1,1,'DPRIEST',to_date('04-NOV-2014 17:54:46','DD-MON-YYYY HH24:MI:SS'),1,'SYSTEM',to_date('04-NOV-2014 17:54:46','DD-MON-YYYY HH24:MI:SS'),0,null,null,null,0,null,null,null,0,null,null,0,null,null,null,0,null,null,null,null,0,null,null,null,null,null,null);
COMMIT;
-------------------------
-------------UNCONFISSUER
-------------------------
REM DELETE from ILOGADMIN.USER_DETAILS
SET DEFINE OFF;
Delete from ILOGADMIN.USER_DETAILS where user_id = 'UNCONFISSUER';

REM Delete from ILOGADMIN.USER_APPLICATION
SET DEFINE OFF;
Delete from ILOGADMIN.USER_APPLICATION where user_id = 'UNCONFISSUER';

REM Delete from ILOGADMIN.USER_LOGIN
SET DEFINE OFF;
Delete from ILOGADMIN.USER_LOGIN where user_id = 'UNCONFISSUER';

REM Delete from ILOGADMIN.ORGANIZATION_ORG_TYPE
SET DEFINE OFF;
Delete from ILOGADMIN.ORGANIZATION_ORG_TYPE where msrb_id = 'D001110001';

REM Delete from ILOGADMIN.ORGANIZATION
SET DEFINE OFF;
Delete from ILOGADMIN.ORGANIZATION where msrb_id = 'D001110001';
-------------------------
REM INSERTING into USER_LOGIN
SET DEFINE OFF;
Insert into ILOGADMIN.USER_LOGIN (USER_ID,PASSWORD,PW_DATE,FORCE_PW_CHANGE_FLAG,SESSION_KEY,SESSION_KEY_DATE,ACCOUNT_LOCKED_SYSTEM_FLAG,ACCOUNT_LOCKED_MANUAL_FLAG,ACCOUNT_LOCKED_DATE,CREATION_USER,CREATION_DATE,UPDATE_USER,UPDATE_DATE,ACCOUNT_DISABLED_FLAG,LAST_LOGIN,TAC_ACCEPTED_FLAG,PENDING,PWD_RETRIEVAL_KEY,PWD_RETRIEVAL_KEY_DATE) values ('UNCONFISSUER','gw*loginMSRB1',to_date('20-NOV-2014 13:01:40','DD-MON-YYYY HH24:MI:SS'),0,null,null,0,0,null,null,null,'DPUGH',to_date('04-JUN-2009 12:46:53','DD-MON-YYYY HH24:MI:SS'),0,to_date('21-JAN-2015 10:54:49','DD-MON-YYYY HH24:MI:SS'),null,null,null,null);

REM INSERTING into USER_DETAILS
SET DEFINE OFF;
Insert into ILOGADMIN.USER_DETAILS (USER_ID,MSRB_ID,USER_FIRST_NAME,USER_MIDDLE_NAME,USER_LAST_NAME,USER_NAME_SUFFIX,PHONE_AREA_CODE,PHONE_PREFIX,PHONE_SUFFIX,PHONE_EXTENSION,FAX_AREA_CODE,FAX_PREFIX,FAX_SUFFIX,EMAIL_ADDRESS,ADDRESS1,ADDRESS2,CITY,STATE,COUNTRY,ZIP_CODE,UPDATE_USER,UPDATE_DATE,DEPARTMENT,TITLE) values ('UNCONFISSUER','D001110001','D001110001',null,'ISSUER',null,null,null,null,null,null,null,null,'regressiontestemail@msrb.org',null,null,null,null,null,null,'DPUGH',to_date('04-JUN-2009 12:46:53','DD-MON-YYYY HH24:MI:SS'),null,null);

REM INSERTING into USER_APPLICATION
SET DEFINE OFF;
Insert into ILOGADMIN.USER_APPLICATION (USER_ID,APPLICATION_ID,USER_APP_STATUS,LAST_ACCESSED,UPDATE_USER,UPDATE_DATE) values ('UNCONFISSUER','EMMASISSUER','ENABLED',null,'SCOOK',to_date('30-MAR-2009 21:56:45','DD-MON-YYYY HH24:MI:SS'));
Insert into ILOGADMIN.USER_APPLICATION (USER_ID,APPLICATION_ID,USER_APP_STATUS,LAST_ACCESSED,UPDATE_USER,UPDATE_DATE) values ('UNCONFISSUER','EMMASSUBMIT','ENABLED',null,'DPUGH',to_date('04-JUN-2009 12:46:53','DD-MON-YYYY HH24:MI:SS'));

REM INSERTING into ORGANIZATION
SET DEFINE OFF;
Insert into ILOGADMIN.ORGANIZATION (MSRB_ID,ORG_NAME,ADDRESS1,ADDRESS2,CITY,STATE,COUNTRY,ZIP_CODE,PHONE_AREA_CODE,PHONE_PREFIX,PHONE_SUFFIX,PHONE_EXTENSION,FAX_AREA_CODE,FAX_PREFIX,FAX_SUFFIX,HIDDEN_FLAG,CREATE_USER,CREATE_DATE,WITHDRAWAL_USER,WITHDRAWAL_DATE,UPDATE_USER,UPDATE_DATE,PARENT_MSRB_ID,BANK) values ('D001110001','Office of Financial Services','1001 Preston Street','Suite 630','Houston','TX','US','77002','713','755','6532',null,'713','755','8920',null,'SCOOK',to_date('31-MAR-2009 09:21:41','DD-MON-YYYY HH24:MI:SS'),null,null,'SCOOK',to_date('31-MAR-2009 09:21:41','DD-MON-YYYY HH24:MI:SS'),null,0);

REM INSERTING into ORGANIZATION_ORG_TYPE
SET DEFINE OFF;
Insert into ILOGADMIN.ORGANIZATION_ORG_TYPE (MSRB_ID,ORG_TYPE_ID,UPDATE_USER,UPDATE_DATE,CONF_STATUS,REGISTRATION_STATUS,REGISTRATION_USER,REGISTRATION_DATE,AUTHORIZATION_STATUS,AUTHORIZATION_USER,AUTHORIZATION_DATE,WITHDRAWAL_STATUS,WITHDRAWAL_USER,WITHDRAWAL_DATE,SEC_REGISTRATION_NUMBER,SECID_VERIFIED,SECID_VERIFIED_BY,SECID_VERIFIED_DATE,CRD_NUMBER,CRD_VERIFIED,CRD_VERIFIED_BY,CRD_VERIFIED_DATE,PAID_VERIFIED,PAID_VERIFIED_BY,PAID_VERIFIED_DATE,TAX_ID,TAX_ID_VERIFIED,TAX_ID_VERIFIED_BY,TAX_ID_VERIFIED_DATE,WEB_URL,LEGAL_ENTITY_ID,LEI_VERIFIED,LEI_VERIFIED_BY,LEI_VERIFIED_DATE,FORM_ID,TRADE_INFO_VERIFIED,TRADE_INFO_VERIFIED_BY,TRADE_INFO_VERIFIED_DATE) values ('D001110001','ISSUER','SCOOK',to_date('31-MAR-2009 09:28:18','DD-MON-YYYY HH24:MI:SS'),0,null,null,null,null,null,null,null,null,null,null,null,null,null,null,null,null,null,null,null,null,null,null,null,null,null,null,0,null,null,null,null,null,null);
COMMIT;
-------------------------
-------------FORMALISSUER
-------------------------
REM DELETE from ILOGADMIN.USER_DETAILS
SET DEFINE OFF;
Delete from ILOGADMIN.USER_DETAILS where user_id = 'FORMALISSUER';

REM Delete from ILOGADMIN.USER_APPLICATION
SET DEFINE OFF;
Delete from ILOGADMIN.USER_APPLICATION where user_id = 'FORMALISSUER';

REM Delete from ILOGADMIN.USER_LOGIN
SET DEFINE OFF;
Delete from ILOGADMIN.USER_LOGIN where user_id = 'FORMALISSUER';

REM Delete from ILOGADMIN.ORGANIZATION_ORG_TYPE
SET DEFINE OFF;
Delete from ILOGADMIN.ORGANIZATION_ORG_TYPE where msrb_id = 'P000101001';

REM Delete from ILOGADMIN.ORGANIZATION
SET DEFINE OFF;
Delete from ILOGADMIN.ORGANIZATION where msrb_id = 'P000101001';
-------------------------
REM INSERTING into USER_LOGIN
SET DEFINE OFF;
Insert into ILOGADMIN.USER_LOGIN (USER_ID,PASSWORD,PW_DATE,FORCE_PW_CHANGE_FLAG,SESSION_KEY,SESSION_KEY_DATE,ACCOUNT_LOCKED_SYSTEM_FLAG,ACCOUNT_LOCKED_MANUAL_FLAG,ACCOUNT_LOCKED_DATE,CREATION_USER,CREATION_DATE,UPDATE_USER,UPDATE_DATE,ACCOUNT_DISABLED_FLAG,LAST_LOGIN,TAC_ACCEPTED_FLAG,PENDING,PWD_RETRIEVAL_KEY,PWD_RETRIEVAL_KEY_DATE) values ('FORMALISSUER','gw*loginMSRB1',to_date('20-NOV-2014 13:01:40','DD-MON-YYYY HH24:MI:SS'),0,null,null,0,null,null,'SYSTEM',to_date('23-MAY-2011 08:24:47','DD-MON-YYYY HH24:MI:SS'),'SYSTEM',to_date('23-MAY-2011 08:24:47','DD-MON-YYYY HH24:MI:SS'),0,to_date('22-JAN-2015 16:03:26','DD-MON-YYYY HH24:MI:SS'),null,null,null,null);

REM INSERTING into USER_DETAILS
SET DEFINE OFF;
Insert into ILOGADMIN.USER_DETAILS (USER_ID,MSRB_ID,USER_FIRST_NAME,USER_MIDDLE_NAME,USER_LAST_NAME,USER_NAME_SUFFIX,PHONE_AREA_CODE,PHONE_PREFIX,PHONE_SUFFIX,PHONE_EXTENSION,FAX_AREA_CODE,FAX_PREFIX,FAX_SUFFIX,EMAIL_ADDRESS,ADDRESS1,ADDRESS2,CITY,STATE,COUNTRY,ZIP_CODE,UPDATE_USER,UPDATE_DATE,DEPARTMENT,TITLE) values ('FORMALISSUER','P000101001','RAY',null,'PETTY',null,'850','488','4782',null,null,null,null,'regressiontestemail@msrb.org','1801 HERMITAGE BOULEVARD, SUITE 200',null,'TALLAHASSEE','FL','US','32308','RPETTY1',to_date('24-MAY-2011 09:10:33','DD-MON-YYYY HH24:MI:SS'),null,null);

REM INSERTING into USER_APPLICATION
SET DEFINE OFF;
Insert into ILOGADMIN.USER_APPLICATION (USER_ID,APPLICATION_ID,USER_APP_STATUS,LAST_ACCESSED,UPDATE_USER,UPDATE_DATE) values ('FORMALISSUER','ACCTMASTER','ENABLED',to_date('23-MAY-2011 08:24:47','DD-MON-YYYY HH24:MI:SS'),'SYSTEM',to_date('23-MAY-2011 08:24:47','DD-MON-YYYY HH24:MI:SS'));
Insert into ILOGADMIN.USER_APPLICATION (USER_ID,APPLICATION_ID,USER_APP_STATUS,LAST_ACCESSED,UPDATE_USER,UPDATE_DATE) values ('FORMALISSUER','EMMA120150','ENABLED',null,'RPETTY1',to_date('24-MAY-2011 09:10:33','DD-MON-YYYY HH24:MI:SS'));
Insert into ILOGADMIN.USER_APPLICATION (USER_ID,APPLICATION_ID,USER_APP_STATUS,LAST_ACCESSED,UPDATE_USER,UPDATE_DATE) values ('FORMALISSUER','VOLOSARD','ENABLED',null,'RPETTY1',to_date('24-MAY-2011 09:10:33','DD-MON-YYYY HH24:MI:SS'));
Insert into ILOGADMIN.USER_APPLICATION (USER_ID,APPLICATION_ID,USER_APP_STATUS,LAST_ACCESSED,UPDATE_USER,UPDATE_DATE) values ('FORMALISSUER','VOLPSALE','ENABLED',null,'RPETTY1',to_date('24-MAY-2011 09:10:33','DD-MON-YYYY HH24:MI:SS'));

REM INSERTING into ORGANIZATION
SET DEFINE OFF;
Insert into ILOGADMIN.ORGANIZATION (MSRB_ID,ORG_NAME,ADDRESS1,ADDRESS2,CITY,STATE,COUNTRY,ZIP_CODE,PHONE_AREA_CODE,PHONE_PREFIX,PHONE_SUFFIX,PHONE_EXTENSION,FAX_AREA_CODE,FAX_PREFIX,FAX_SUFFIX,HIDDEN_FLAG,CREATE_USER,CREATE_DATE,WITHDRAWAL_USER,WITHDRAWAL_DATE,UPDATE_USER,UPDATE_DATE,PARENT_MSRB_ID,BANK) values ('P000101001','State of Florida Division of Bond Finance','1801 Hermitage Boulevard, Suite 200',null,'Tallahassee','FL','US','32308','850','488','4782',null,'850','413','1315',null,'SYSTEM',to_date('23-MAY-2011 08:24:47','DD-MON-YYYY HH24:MI:SS'),null,null,'SBRADDELL',to_date('23-MAY-2011 11:22:30','DD-MON-YYYY HH24:MI:SS'),null,0);

REM INSERTING into ORGANIZATION_ORG_TYPE
SET DEFINE OFF;
Insert into ILOGADMIN.ORGANIZATION_ORG_TYPE (MSRB_ID,ORG_TYPE_ID,UPDATE_USER,UPDATE_DATE,CONF_STATUS,REGISTRATION_STATUS,REGISTRATION_USER,REGISTRATION_DATE,AUTHORIZATION_STATUS,AUTHORIZATION_USER,AUTHORIZATION_DATE,WITHDRAWAL_STATUS,WITHDRAWAL_USER,WITHDRAWAL_DATE,SEC_REGISTRATION_NUMBER,SECID_VERIFIED,SECID_VERIFIED_BY,SECID_VERIFIED_DATE,CRD_NUMBER,CRD_VERIFIED,CRD_VERIFIED_BY,CRD_VERIFIED_DATE,PAID_VERIFIED,PAID_VERIFIED_BY,PAID_VERIFIED_DATE,TAX_ID,TAX_ID_VERIFIED,TAX_ID_VERIFIED_BY,TAX_ID_VERIFIED_DATE,WEB_URL,LEGAL_ENTITY_ID,LEI_VERIFIED,LEI_VERIFIED_BY,LEI_VERIFIED_DATE,FORM_ID,TRADE_INFO_VERIFIED,TRADE_INFO_VERIFIED_BY,TRADE_INFO_VERIFIED_DATE) values ('P000101001','FORMALISSUER','SBRADDELL',to_date('10-SEP-2014 15:35:41','DD-MON-YYYY HH24:MI:SS'),0,0,'SYSTEM',to_date('23-MAY-2011 08:24:47','DD-MON-YYYY HH24:MI:SS'),1,'TCALLAHAN',to_date('23-MAY-2011 11:28:30','DD-MON-YYYY HH24:MI:SS'),0,null,null,null,0,null,null,null,0,null,null,0,null,null,'7037976613-90-0547425',1,'SBRADDELL',to_date('10-SEP-2014 15:35:41','DD-MON-YYYY HH24:MI:SS'),null,null,0,null,null,null,null,null,null);
COMMIT;
-------------------------
-------------DEALERMAA
-------------------------
REM DELETE from ILOGADMIN.USER_DETAILS
SET DEFINE OFF;
Delete from ILOGADMIN.USER_DETAILS where user_id = 'DEALERMAA';

REM Delete from ILOGADMIN.USER_APPLICATION
SET DEFINE OFF;
Delete from ILOGADMIN.USER_APPLICATION where user_id = 'DEALERMAA';

REM Delete from ILOGADMIN.USER_LOGIN
SET DEFINE OFF;
Delete from ILOGADMIN.USER_LOGIN where user_id = 'DEALERMAA';

REM Delete from ILOGADMIN.ORGANIZATION_ORG_TYPE
SET DEFINE OFF;
Delete from ILOGADMIN.ORGANIZATION_ORG_TYPE where msrb_id = 'A0005001';

REM Delete from ILOGADMIN.ORGANIZATION
SET DEFINE OFF;
Delete from ILOGADMIN.ORGANIZATION where msrb_id = 'A0005001';

REM Delete from ILOGADMIN.ORGANIZATION_ORG_TYPE
SET DEFINE OFF;
Delete from ILOGADMIN.ORGANIZATION_ORG_TYPE where msrb_id = 'A9995';

REM Delete from ILOGADMIN.ORGANIZATION
SET DEFINE OFF;
Delete from ILOGADMIN.ORGANIZATION where msrb_id = 'A9995';
-------------------------
REM INSERTING into USER_LOGIN
SET DEFINE OFF;
Insert into ILOGADMIN.USER_LOGIN (USER_ID,PASSWORD,PW_DATE,FORCE_PW_CHANGE_FLAG,SESSION_KEY,SESSION_KEY_DATE,ACCOUNT_LOCKED_SYSTEM_FLAG,ACCOUNT_LOCKED_MANUAL_FLAG,ACCOUNT_LOCKED_DATE,CREATION_USER,CREATION_DATE,UPDATE_USER,UPDATE_DATE,ACCOUNT_DISABLED_FLAG,LAST_LOGIN,TAC_ACCEPTED_FLAG,PENDING,PWD_RETRIEVAL_KEY,PWD_RETRIEVAL_KEY_DATE) values ('DEALERMAA','gw*loginMSRB1',to_date('20-NOV-2014 13:01:40','DD-MON-YYYY HH24:MI:SS'),0,null,null,0,null,null,null,null,'CZWEIG',to_date('10-JUL-2007 10:21:55','DD-MON-YYYY HH24:MI:SS'),0,to_date('21-JAN-2015 10:54:52','DD-MON-YYYY HH24:MI:SS'),null,null,null,null);

REM INSERTING into USER_DETAILS
SET DEFINE OFF;
Insert into ILOGADMIN.USER_DETAILS (USER_ID,MSRB_ID,USER_FIRST_NAME,USER_MIDDLE_NAME,USER_LAST_NAME,USER_NAME_SUFFIX,PHONE_AREA_CODE,PHONE_PREFIX,PHONE_SUFFIX,PHONE_EXTENSION,FAX_AREA_CODE,FAX_PREFIX,FAX_SUFFIX,EMAIL_ADDRESS,ADDRESS1,ADDRESS2,CITY,STATE,COUNTRY,ZIP_CODE,UPDATE_USER,UPDATE_DATE,DEPARTMENT,TITLE) values ('DEALERMAA','A9995','CARYN',null,'ZWEIG',null,'201','484','2000',null,null,null,null,'regressiontestemail@msrb.org','Harborside Financial Center','Plaza 5, Suite 1640','Jersey City','NJ',null,'07311','CZWEIG',to_date('07-JUL-2014 15:32:54','DD-MON-YYYY HH24:MI:SS'),null,null);

REM INSERTING into USER_APPLICATION
SET DEFINE OFF;
Insert into ILOGADMIN.USER_APPLICATION (USER_ID,APPLICATION_ID,USER_APP_STATUS,LAST_ACCESSED,UPDATE_USER,UPDATE_DATE) values ('DEALERMAA','ACCTMASTER','ENABLED',null,'MASTERUSER',to_date('28-JAN-2015 11:22:53','DD-MON-YYYY HH24:MI:SS'));
Insert into ILOGADMIN.USER_APPLICATION (USER_ID,APPLICATION_ID,USER_APP_STATUS,LAST_ACCESSED,UPDATE_USER,UPDATE_DATE) values ('DEALERMAA','PROFILEACCESS','ENABLED',null,'CZWEIG',to_date('07-JUL-2014 15:32:54','DD-MON-YYYY HH24:MI:SS'));
Insert into ILOGADMIN.USER_APPLICATION (USER_ID,APPLICATION_ID,USER_APP_STATUS,LAST_ACCESSED,UPDATE_USER,UPDATE_DATE) values ('DEALERMAA','REG_CNTCT_OPT','ENABLED',null,'CZWEIG',to_date('21-JAN-2014 13:33:17','DD-MON-YYYY HH24:MI:SS'));
Insert into ILOGADMIN.USER_APPLICATION (USER_ID,APPLICATION_ID,USER_APP_STATUS,LAST_ACCESSED,UPDATE_USER,UPDATE_DATE) values ('DEALERMAA','RTRSDFS','ENABLED',null,'RTRSLOAD',to_date('13-APR-2013 12:56:21','DD-MON-YYYY HH24:MI:SS'));
Insert into ILOGADMIN.USER_APPLICATION (USER_ID,APPLICATION_ID,USER_APP_STATUS,LAST_ACCESSED,UPDATE_USER,UPDATE_DATE) values ('DEALERMAA','RTRSWEB','ENABLED',to_date('10-NOV-2014 13:39:58','DD-MON-YYYY HH24:MI:SS'),'AKENDRA',to_date('02-AUG-2004 18:19:41','DD-MON-YYYY HH24:MI:SS'));

REM INSERTING into ORGANIZATION
SET DEFINE OFF;
Insert into ILOGADMIN.ORGANIZATION (MSRB_ID,ORG_NAME,ADDRESS1,ADDRESS2,CITY,STATE,COUNTRY,ZIP_CODE,PHONE_AREA_CODE,PHONE_PREFIX,PHONE_SUFFIX,PHONE_EXTENSION,FAX_AREA_CODE,FAX_PREFIX,FAX_SUFFIX,HIDDEN_FLAG,CREATE_USER,CREATE_DATE,WITHDRAWAL_USER,WITHDRAWAL_DATE,UPDATE_USER,UPDATE_DATE,PARENT_MSRB_ID,BANK) values ('A9995','Abner, Herrman & Brock, LLC','Harborside Financial Center','Plaza 5, Suite 1640','Jersey City','NJ',null,'07311',null,null,null,null,null,null,null,null,null,null,null,null,'CZWEIG',to_date('07-JUL-2014 15:32:50','DD-MON-YYYY HH24:MI:SS'),null,0);

REM INSERTING into ORGANIZATION_ORG_TYPE
SET DEFINE OFF;
Insert into ILOGADMIN.ORGANIZATION_ORG_TYPE (MSRB_ID,ORG_TYPE_ID,UPDATE_USER,UPDATE_DATE,CONF_STATUS,REGISTRATION_STATUS,REGISTRATION_USER,REGISTRATION_DATE,AUTHORIZATION_STATUS,AUTHORIZATION_USER,AUTHORIZATION_DATE,WITHDRAWAL_STATUS,WITHDRAWAL_USER,WITHDRAWAL_DATE,SEC_REGISTRATION_NUMBER,SECID_VERIFIED,SECID_VERIFIED_BY,SECID_VERIFIED_DATE,CRD_NUMBER,CRD_VERIFIED,CRD_VERIFIED_BY,CRD_VERIFIED_DATE,PAID_VERIFIED,PAID_VERIFIED_BY,PAID_VERIFIED_DATE,TAX_ID,TAX_ID_VERIFIED,TAX_ID_VERIFIED_BY,TAX_ID_VERIFIED_DATE,WEB_URL,LEGAL_ENTITY_ID,LEI_VERIFIED,LEI_VERIFIED_BY,LEI_VERIFIED_DATE,FORM_ID,TRADE_INFO_VERIFIED,TRADE_INFO_VERIFIED_BY,TRADE_INFO_VERIFIED_DATE) values ('A9995','DEALER','CZWEIG',to_date('07-JUL-2014 15:32:50','DD-MON-YYYY HH24:MI:SS'),0,1,'SYSTEM',to_date('09-JAN-1981 00:00:00','DD-MON-YYYY HH24:MI:SS'),1,'SYSTEM',to_date('09-JAN-1981 00:00:00','DD-MON-YYYY HH24:MI:SS'),0,null,null,'8-25549',1,'TCALLAHAN',to_date('31-JAN-2011 09:24:28','DD-MON-YYYY HH24:MI:SS'),'8517',1,'TCALLAHAN',to_date('31-JAN-2011 09:23:52','DD-MON-YYYY HH24:MI:SS'),1,'SYSTEM',to_date('09-JAN-1981 00:00:00','DD-MON-YYYY HH24:MI:SS'),null,null,null,null,null,null,0,null,null,'5de635fffe4f4da3b636c380de928189',1,'Dbailey',to_date('09-JUN-2010 18:38:00','DD-MON-YYYY HH24:MI:SS'));
COMMIT;
-------------------------
-------------DEALER
-------------------------
REM DELETE from ILOGADMIN.USER_DETAILS
SET DEFINE OFF;
Delete from ILOGADMIN.USER_DETAILS where user_id = 'DEALER';

REM Delete from ILOGADMIN.USER_APPLICATION
SET DEFINE OFF;
Delete from ILOGADMIN.USER_APPLICATION where user_id = 'DEALER';

REM Delete from ILOGADMIN.USER_LOGIN
SET DEFINE OFF;
Delete from ILOGADMIN.USER_LOGIN where user_id = 'DEALER';

REM Delete from ILOGADMIN.ORGANIZATION_ORG_TYPE
SET DEFINE OFF;
Delete from ILOGADMIN.ORGANIZATION_ORG_TYPE where msrb_id = 'A0005001';

REM Delete from ILOGADMIN.ORGANIZATION
SET DEFINE OFF;
Delete from ILOGADMIN.ORGANIZATION where msrb_id = 'A0005001';

REM Delete from ILOGADMIN.ORGANIZATION_ORG_TYPE
SET DEFINE OFF;
Delete from ILOGADMIN.ORGANIZATION_ORG_TYPE where msrb_id = 'A9995';

REM Delete from ILOGADMIN.ORGANIZATION
SET DEFINE OFF;
Delete from ILOGADMIN.ORGANIZATION where msrb_id = 'A9995';
-------------------------
REM INSERTING into USER_LOGIN
SET DEFINE OFF;
Insert into ILOGADMIN.USER_LOGIN (USER_ID,PASSWORD,PW_DATE,FORCE_PW_CHANGE_FLAG,SESSION_KEY,SESSION_KEY_DATE,ACCOUNT_LOCKED_SYSTEM_FLAG,ACCOUNT_LOCKED_MANUAL_FLAG,ACCOUNT_LOCKED_DATE,CREATION_USER,CREATION_DATE,UPDATE_USER,UPDATE_DATE,ACCOUNT_DISABLED_FLAG,LAST_LOGIN,TAC_ACCEPTED_FLAG,PENDING,PWD_RETRIEVAL_KEY,PWD_RETRIEVAL_KEY_DATE) values ('DEALER','gw*loginMSRB1',to_date('20-NOV-2014 13:01:40','DD-MON-YYYY HH24:MI:SS'),0,null,null,0,null,null,'HABNER',to_date('09-AUG-2011 10:08:22','DD-MON-YYYY HH24:MI:SS'),'HABNER',to_date('09-AUG-2011 10:08:22','DD-MON-YYYY HH24:MI:SS'),0,to_date('27-JAN-2015 17:06:50','DD-MON-YYYY HH24:MI:SS'),null,null,null,null);

REM INSERTING into USER_DETAILS
SET DEFINE OFF;
Insert into ILOGADMIN.USER_DETAILS (USER_ID,MSRB_ID,USER_FIRST_NAME,USER_MIDDLE_NAME,USER_LAST_NAME,USER_NAME_SUFFIX,PHONE_AREA_CODE,PHONE_PREFIX,PHONE_SUFFIX,PHONE_EXTENSION,FAX_AREA_CODE,FAX_PREFIX,FAX_SUFFIX,EMAIL_ADDRESS,ADDRESS1,ADDRESS2,CITY,STATE,COUNTRY,ZIP_CODE,UPDATE_USER,UPDATE_DATE,DEPARTMENT,TITLE) values ('DEALER','A9995','Jennifer',null,'Brundage',null,'201','484','2000',null,null,null,null,'regressiontestemail@msrb.org','Harborside Financial Center','Plaza 5, Suite 1640','Jersey City','NJ',null,'07311','CZWEIG',to_date('21-JAN-2014 13:33:17','DD-MON-YYYY HH24:MI:SS'),null,null);

REM INSERTING into USER_APPLICATION
SET DEFINE OFF;
Insert into ILOGADMIN.USER_APPLICATION (USER_ID,APPLICATION_ID,USER_APP_STATUS,LAST_ACCESSED,UPDATE_USER,UPDATE_DATE) values ('DEALER','BILLCONTACT1','ENABLED',to_date('09-AUG-2011 10:08:22','DD-MON-YYYY HH24:MI:SS'),'HABNER',to_date('09-AUG-2011 10:08:22','DD-MON-YYYY HH24:MI:SS'));

REM INSERTING into ORGANIZATION
SET DEFINE OFF;
Insert into ILOGADMIN.ORGANIZATION (MSRB_ID,ORG_NAME,ADDRESS1,ADDRESS2,CITY,STATE,COUNTRY,ZIP_CODE,PHONE_AREA_CODE,PHONE_PREFIX,PHONE_SUFFIX,PHONE_EXTENSION,FAX_AREA_CODE,FAX_PREFIX,FAX_SUFFIX,HIDDEN_FLAG,CREATE_USER,CREATE_DATE,WITHDRAWAL_USER,WITHDRAWAL_DATE,UPDATE_USER,UPDATE_DATE,PARENT_MSRB_ID,BANK) values ('A9995','Abner, Herrman & Brock, LLC','Harborside Financial Center','Plaza 5, Suite 1640','Jersey City','NJ',null,'07311',null,null,null,null,null,null,null,null,null,null,null,null,'CZWEIG',to_date('07-JUL-2014 15:32:50','DD-MON-YYYY HH24:MI:SS'),null,0);

REM INSERTING into ORGANIZATION_ORG_TYPE
SET DEFINE OFF;
Insert into ILOGADMIN.ORGANIZATION_ORG_TYPE (MSRB_ID,ORG_TYPE_ID,UPDATE_USER,UPDATE_DATE,CONF_STATUS,REGISTRATION_STATUS,REGISTRATION_USER,REGISTRATION_DATE,AUTHORIZATION_STATUS,AUTHORIZATION_USER,AUTHORIZATION_DATE,WITHDRAWAL_STATUS,WITHDRAWAL_USER,WITHDRAWAL_DATE,SEC_REGISTRATION_NUMBER,SECID_VERIFIED,SECID_VERIFIED_BY,SECID_VERIFIED_DATE,CRD_NUMBER,CRD_VERIFIED,CRD_VERIFIED_BY,CRD_VERIFIED_DATE,PAID_VERIFIED,PAID_VERIFIED_BY,PAID_VERIFIED_DATE,TAX_ID,TAX_ID_VERIFIED,TAX_ID_VERIFIED_BY,TAX_ID_VERIFIED_DATE,WEB_URL,LEGAL_ENTITY_ID,LEI_VERIFIED,LEI_VERIFIED_BY,LEI_VERIFIED_DATE,FORM_ID,TRADE_INFO_VERIFIED,TRADE_INFO_VERIFIED_BY,TRADE_INFO_VERIFIED_DATE) values ('A9995','DEALER','CZWEIG',to_date('07-JUL-2014 15:32:50','DD-MON-YYYY HH24:MI:SS'),0,1,'SYSTEM',to_date('09-JAN-1981 00:00:00','DD-MON-YYYY HH24:MI:SS'),1,'SYSTEM',to_date('09-JAN-1981 00:00:00','DD-MON-YYYY HH24:MI:SS'),0,null,null,'8-25549',1,'TCALLAHAN',to_date('31-JAN-2011 09:24:28','DD-MON-YYYY HH24:MI:SS'),'8517',1,'TCALLAHAN',to_date('31-JAN-2011 09:23:52','DD-MON-YYYY HH24:MI:SS'),1,'SYSTEM',to_date('09-JAN-1981 00:00:00','DD-MON-YYYY HH24:MI:SS'),null,null,null,null,null,null,0,null,null,'5de635fffe4f4da3b636c380de928189',1,'Dbailey',to_date('09-JUN-2010 18:38:00','DD-MON-YYYY HH24:MI:SS'));
COMMIT;

-------------------------
-------------MUNICIPAL ADVISOR
-------------------------
REM DELETE from ILOGADMIN.USER_DETAILS
SET DEFINE OFF;
Delete from ILOGADMIN.USER_DETAILS where user_id = 'MUNIADVISOR';

REM Delete from ILOGADMIN.USER_APPLICATION
SET DEFINE OFF;
Delete from ILOGADMIN.USER_APPLICATION where user_id = 'MUNIADVISOR';

REM Delete from ILOGADMIN.USER_LOGIN
SET DEFINE OFF;
Delete from ILOGADMIN.USER_LOGIN where user_id = 'MUNIADVISOR';

REM Delete from ILOGADMIN.ORGANIZATION_ORG_TYPE
SET DEFINE OFF;
Delete from ILOGADMIN.ORGANIZATION_ORG_TYPE where msrb_id = 'K1098';

delete from ILOGADMIN.ORGANIZATION_BUS_ACT where form_id ='680473d85bbf4fbdadbf2e372b1107b5';
delete from ILOGADMIN.ORGANIZATION_CORP_INFO where form_id ='680473d85bbf4fbdadbf2e372b1107b5';
delete from ILOGADMIN.ORGANIZATION_INC where form_id ='680473d85bbf4fbdadbf2e372b1107b5';
delete from ILOGADMIN.ORGANIZATION_LOG where msrb_id='K1098';
delete from ILOGADMIN.ORGANIZATION_ORG_TYPE where msrb_id='K1098';
delete from ILOGADMIN.ORGANIZATION_ORG_TYPE_LOG where msrb_id='K1098';

--REM Delete from ILOGADMIN.ORGANIZATION
--SET DEFINE OFF;
Delete from ILOGADMIN.ORGANIZATION where msrb_id = 'K1098';
delete from ILOGADMIN.FORM_FILING_CONTACT where form_id='680473d85bbf4fbdadbf2e372b1107b5';
delete from ILOGADMIN.FORM_FILING_DOC where form_id ='680473d85bbf4fbdadbf2e372b1107b5';
delete from ILOGADMIN.FORM_FILING_ORG_IDENT_TYPE where form_id ='680473d85bbf4fbdadbf2e372b1107b5';
delete from ILOGADMIN.FORM_FILING_ORG_TYPE where form_id ='680473d85bbf4fbdadbf2e372b1107b5';
delete from ILOGADMIN.FORM_FILING where form_id ='680473d85bbf4fbdadbf2e372b1107b5';
delete from ILOGADMIN.FORM_FILING_STATUS where form_id ='680473d85bbf4fbdadbf2e372b1107b5';
delete from ILOGADMIN.FORM_FILING_USER where form_id ='680473d85bbf4fbdadbf2e372b1107b5';
--DELETE FROM ILOGADMIN.USER_EVENT WHERE USER_ID='MUNIADVISOR';

-------------------------
REM INSERTING into ILOGADMIN.user_login
SET DEFINE OFF;
Insert into ILOGADMIN.user_login (USER_ID,PASSWORD,PW_DATE,FORCE_PW_CHANGE_FLAG,SESSION_KEY,SESSION_KEY_DATE,ACCOUNT_LOCKED_SYSTEM_FLAG,ACCOUNT_LOCKED_MANUAL_FLAG,ACCOUNT_LOCKED_DATE,CREATION_USER,CREATION_DATE,UPDATE_USER,UPDATE_DATE,ACCOUNT_DISABLED_FLAG,LAST_LOGIN,TAC_ACCEPTED_FLAG,PENDING,PWD_RETRIEVAL_KEY,PWD_RETRIEVAL_KEY_DATE) values ('MUNIADVISOR','gw*loginMSRB1',to_date('17-APR-15 12:22:36 PM','DD-MON-RR HH:MI:SS AM'),0,null,null,0,null,null,'SYSTEM',to_date('17-APR-15 12:19:41 PM','DD-MON-RR HH:MI:SS AM'),'SYSTEM',to_date('17-APR-15 12:19:41 PM','DD-MON-RR HH:MI:SS AM'),null,to_date('17-APR-15 12:22:40 PM','DD-MON-RR HH:MI:SS AM'),null,null,null,null);

REM INSERTING into ILOGADMIN.user_details
SET DEFINE OFF;
Insert into ILOGADMIN.user_details (USER_ID,MSRB_ID,USER_FIRST_NAME,USER_MIDDLE_NAME,USER_LAST_NAME,USER_NAME_SUFFIX,PHONE_AREA_CODE,PHONE_PREFIX,PHONE_SUFFIX,PHONE_EXTENSION,FAX_AREA_CODE,FAX_PREFIX,FAX_SUFFIX,EMAIL_ADDRESS,ADDRESS1,ADDRESS2,CITY,STATE,COUNTRY,ZIP_CODE,UPDATE_USER,UPDATE_DATE,DEPARTMENT,TITLE) values ('MUNIADVISOR','K1098','GW',null,'WMuniAdvisor',null,'703','797','6600','123',null,null,null,'hrudolf@ccpace.com','1900 Duke Street','Suite 500','Alexandria','VA',null,'22314','SYSTEM',to_date('17-APR-15 12:19:41 PM','DD-MON-RR HH:MI:SS AM'),null,'test');

REM INSERTING into ILOGADMIN.user_application
SET DEFINE OFF;
Insert into ILOGADMIN.user_application (USER_ID,APPLICATION_ID,USER_APP_STATUS,LAST_ACCESSED,UPDATE_USER,UPDATE_DATE) values ('MUNIADVISOR','ACCTMASTER','ENABLED',null,'SYSTEM',to_date('17-APR-15 12:19:41 PM','DD-MON-RR HH:MI:SS AM'));
Insert into ILOGADMIN.user_application (USER_ID,APPLICATION_ID,USER_APP_STATUS,LAST_ACCESSED,UPDATE_USER,UPDATE_DATE) values ('MUNIADVISOR','BILLCONTACT1','ENABLED',null,'SYSTEM',to_date('17-APR-15 12:19:41 PM','DD-MON-RR HH:MI:SS AM'));
Insert into ILOGADMIN.user_application (USER_ID,APPLICATION_ID,USER_APP_STATUS,LAST_ACCESSED,UPDATE_USER,UPDATE_DATE) values ('MUNIADVISOR','PROFILEACCESS','ENABLED',null,'SYSTEM',to_date('17-APR-15 12:19:41 PM','DD-MON-RR HH:MI:SS AM'));
Insert into ILOGADMIN.user_application (USER_ID,APPLICATION_ID,USER_APP_STATUS,LAST_ACCESSED,UPDATE_USER,UPDATE_DATE) values ('MUNIADVISOR','REG_CNTCT_OPT','ENABLED',null,'SYSTEM',to_date('17-APR-15 12:19:41 PM','DD-MON-RR HH:MI:SS AM'));
Insert into ILOGADMIN.user_application (USER_ID,APPLICATION_ID,USER_APP_STATUS,LAST_ACCESSED,UPDATE_USER,UPDATE_DATE) values ('MUNIADVISOR','REG_CNTCT_PRIM','ENABLED',null,'SYSTEM',to_date('17-APR-15 12:19:41 PM','DD-MON-RR HH:MI:SS AM'));

REM INSERTING into ILOGADMIN.organization
SET DEFINE OFF;
Insert into ILOGADMIN.organization (MSRB_ID,ORG_NAME,ADDRESS1,ADDRESS2,CITY,STATE,COUNTRY,ZIP_CODE,PHONE_AREA_CODE,PHONE_PREFIX,PHONE_SUFFIX,PHONE_EXTENSION,FAX_AREA_CODE,FAX_PREFIX,FAX_SUFFIX,HIDDEN_FLAG,CREATE_USER,CREATE_DATE,WITHDRAWAL_USER,WITHDRAWAL_DATE,UPDATE_USER,UPDATE_DATE,PARENT_MSRB_ID,BANK,TEST_ORG_FLAG) values ('K1098','test msrb Municipal Advisor Only','1900 Duke Street','Suite 500','Alexandria','VA',null,'40602',null,null,null,null,null,null,null,null,'SYSTEM',to_date('17-APR-15 12:19:41 PM','DD-MON-RR HH:MI:SS AM'),null,null,'SYSTEM',to_date('17-APR-15 12:19:41 PM','DD-MON-RR HH:MI:SS AM'),null,0,'N');

REM INSERTING into ILOGADMIN.ORGANIZATION_BUS_ACT
SET DEFINE OFF;
Insert into ILOGADMIN.ORGANIZATION_BUS_ACT (FORM_ID,BUS_ACT_TYPE_ID,UPDATE_DATE_TIME,UPDATE_USER) values ('680473d85bbf4fbdadbf2e372b1107b5',1,to_timestamp('17-APR-15 12.18.53.256564000 PM','DD-MON-RR HH.MI.SS.FF AM'),'SYSTEM');

REM INSERTING into ilogadmin.ORGANIZATION_CORP_INFO
SET DEFINE OFF;
Insert into ilogadmin.ORGANIZATION_CORP_INFO (FORM_ID,ORG_NAME,ADDRESS1,ADDRESS2,CITY,STATE,ZIP_CODE,EMAIL_ADDRESS,WEBSITE,BANK,UPDATE_DATE_TIME,UPDATE_USER,TEMP_MSRB_ID) values ('680473d85bbf4fbdadbf2e372b1107b5','test msrb Municipal Advisor Only','1900 Duke Street','Suite 500','Alexandria','VA','40602',null,'www.msrb.org',0,to_timestamp('17-APR-15 12.18.53.256564000 PM','DD-MON-RR HH.MI.SS.FF AM'),'SYSTEM',null);

REM INSERTING into ILOGADMIN.ORGANIZATION_INC
SET DEFINE OFF;
Insert into ILOGADMIN.ORGANIZATION_INC (FORM_ID,INC_TYPE_ID,INC_TYPE_OTHER,CITY,STATE,UPDATE_DATE_TIME,UPDATE_USER) values ('680473d85bbf4fbdadbf2e372b1107b5',10,null,'Alexandria','VA',to_timestamp('17-APR-15 12.18.53.256564000 PM','DD-MON-RR HH.MI.SS.FF AM'),'SYSTEM');

REM INSERTING into ILOGADMIN.organization_log
SET DEFINE OFF;
Insert into ILOGADMIN.organization_log (MSRB_ID,ORG_NAME,ADDRESS1,ADDRESS2,CITY,STATE,COUNTRY,ZIP_CODE,PHONE_AREA_CODE,PHONE_PREFIX,PHONE_SUFFIX,PHONE_EXTENSION,FAX_AREA_CODE,FAX_PREFIX,FAX_SUFFIX,HIDDEN_FLAG,CREATE_USER,CREATE_DATE,WITHDRAWAL_USER,WITHDRAWAL_DATE,UPDATE_USER,UPDATE_DATE,PARENT_MSRB_ID,SYS_GUID_KEY) values ('K1098','test msrb Municipal Advisor Only','1900 Duke Street','Suite 500','Alexandria','VA',null,'40602',null,null,null,null,null,null,null,null,'SYSTEM',to_date('17-APR-15 12:19:41 PM','DD-MON-RR HH:MI:SS AM'),null,null,'SYSTEM',to_date('17-APR-15 12:19:41 PM','DD-MON-RR HH:MI:SS AM'),null,'13EEF29A21CC10FBE053C103A8C01DB8');

REM INSERTING into ILOGADMIN.organization_org_type
SET DEFINE OFF;
Insert into ILOGADMIN.organization_org_type (MSRB_ID,ORG_TYPE_ID,UPDATE_USER,UPDATE_DATE,CONF_STATUS,REGISTRATION_STATUS,REGISTRATION_USER,REGISTRATION_DATE,AUTHORIZATION_STATUS,AUTHORIZATION_USER,AUTHORIZATION_DATE,WITHDRAWAL_STATUS,WITHDRAWAL_USER,WITHDRAWAL_DATE,SEC_REGISTRATION_NUMBER,SECID_VERIFIED,SECID_VERIFIED_BY,SECID_VERIFIED_DATE,CRD_NUMBER,CRD_VERIFIED,CRD_VERIFIED_BY,CRD_VERIFIED_DATE,PAID_VERIFIED,PAID_VERIFIED_BY,PAID_VERIFIED_DATE,TAX_ID,TAX_ID_VERIFIED,TAX_ID_VERIFIED_BY,TAX_ID_VERIFIED_DATE,WEB_URL,LEGAL_ENTITY_ID,LEI_VERIFIED,LEI_VERIFIED_BY,LEI_VERIFIED_DATE,FORM_ID,TRADE_INFO_VERIFIED,TRADE_INFO_VERIFIED_BY,TRADE_INFO_VERIFIED_DATE) values ('K1098','MA','GWSTAFF',to_date('17-APR-15 12:19:41 PM','DD-MON-RR HH:MI:SS AM'),null,1,null,to_date('17-APR-15 12:19:41 PM','DD-MON-RR HH:MI:SS AM'),1,'GWSTAFF',to_date('17-APR-15 12:19:41 PM','DD-MON-RR HH:MI:SS AM'),0,null,null,'866-44606-87',1,'GWSTAFF',to_date('17-APR-15 12:19:36 PM','DD-MON-RR HH:MI:SS AM'),'999999999',1,'GWSTAFF',to_date('17-APR-15 12:19:39 PM','DD-MON-RR HH:MI:SS AM'),1,'GWSTAFF',to_date('17-APR-15 12:19:33 PM','DD-MON-RR HH:MI:SS AM'),null,null,null,null,'www.msrb.org','43534535345345435345',null,null,null,'680473d85bbf4fbdadbf2e372b1107b5',null,null,null);

REM INSERTING into ILOGADMIN.organization_org_type_log
SET DEFINE OFF;
Insert into ILOGADMIN.organization_org_type_log (MSRB_ID,ORG_TYPE_ID,UPDATE_USER,UPDATE_DATE,CONF_STATUS,REGISTRATION_STATUS,REGISTRATION_USER,REGISTRATION_DATE,AUTHORIZATION_STATUS,AUTHORIZATION_USER,AUTHORIZATION_DATE,WITHDRAWAL_STATUS,WITHDRAWAL_USER,WITHDRAWAL_DATE,SEC_REGISTRATION_NUMBER,SECID_VERIFIED,SECID_VERIFIED_BY,SECID_VERIFIED_DATE,CRD_NUMBER,CRD_VERIFIED,CRD_VERIFIED_BY,CRD_VERIFIED_DATE,PAID_VERIFIED,PAID_VERIFIED_BY,PAID_VERIFIED_DATE,TAX_ID,TAX_ID_VERIFIED,TAX_ID_VERIFIED_BY,TAX_ID_VERIFIED_DATE,WEB_URL,SYS_GUID_KEY,LEGAL_ENTITY_ID,LEI_VERIFIED,LEI_VERIFIED_BY,LEI_VERIFIED_DATE,FORM_ID,TRADE_INFO_VERIFIED,TRADE_INFO_VERIFIED_BY,TRADE_INFO_VERIFIED_DATE) values ('K1098','MA','GWSTAFF',to_date('17-APR-15 12:19:41 PM','DD-MON-RR HH:MI:SS AM'),null,1,null,null,1,'GWSTAFF',to_date('17-APR-15 12:19:41 PM','DD-MON-RR HH:MI:SS AM'),0,null,null,'866-44606-87',1,'GWSTAFF',to_date('17-APR-15 12:19:36 PM','DD-MON-RR HH:MI:SS AM'),'999999999',1,'GWSTAFF',to_date('17-APR-15 12:19:39 PM','DD-MON-RR HH:MI:SS AM'),1,'GWSTAFF',to_date('17-APR-15 12:19:33 PM','DD-MON-RR HH:MI:SS AM'),null,null,null,null,null,'13EEF29A21CE10FBE053C103A8C01DB8','43534535345345435345',null,null,null,'680473d85bbf4fbdadbf2e372b1107b5',null,null,null);
Insert into ILOGADMIN.organization_org_type_log (MSRB_ID,ORG_TYPE_ID,UPDATE_USER,UPDATE_DATE,CONF_STATUS,REGISTRATION_STATUS,REGISTRATION_USER,REGISTRATION_DATE,AUTHORIZATION_STATUS,AUTHORIZATION_USER,AUTHORIZATION_DATE,WITHDRAWAL_STATUS,WITHDRAWAL_USER,WITHDRAWAL_DATE,SEC_REGISTRATION_NUMBER,SECID_VERIFIED,SECID_VERIFIED_BY,SECID_VERIFIED_DATE,CRD_NUMBER,CRD_VERIFIED,CRD_VERIFIED_BY,CRD_VERIFIED_DATE,PAID_VERIFIED,PAID_VERIFIED_BY,PAID_VERIFIED_DATE,TAX_ID,TAX_ID_VERIFIED,TAX_ID_VERIFIED_BY,TAX_ID_VERIFIED_DATE,WEB_URL,SYS_GUID_KEY,LEGAL_ENTITY_ID,LEI_VERIFIED,LEI_VERIFIED_BY,LEI_VERIFIED_DATE,FORM_ID,TRADE_INFO_VERIFIED,TRADE_INFO_VERIFIED_BY,TRADE_INFO_VERIFIED_DATE) values ('K1098','MA','GWSTAFF',to_date('17-APR-15 12:19:41 PM','DD-MON-RR HH:MI:SS AM'),null,1,null,to_date('17-APR-15 12:19:41 PM','DD-MON-RR HH:MI:SS AM'),1,'GWSTAFF',to_date('17-APR-15 12:19:41 PM','DD-MON-RR HH:MI:SS AM'),0,null,null,'866-44606-87',1,'GWSTAFF',to_date('17-APR-15 12:19:36 PM','DD-MON-RR HH:MI:SS AM'),'999999999',1,'GWSTAFF',to_date('17-APR-15 12:19:39 PM','DD-MON-RR HH:MI:SS AM'),1,'GWSTAFF',to_date('17-APR-15 12:19:33 PM','DD-MON-RR HH:MI:SS AM'),null,null,null,null,'www.msrb.org','13EEF29A21CF10FBE053C103A8C01DB8','43534535345345435345',null,null,null,'680473d85bbf4fbdadbf2e372b1107b5',null,null,null);

REM INSERTING into ILOGADMIN.FORM_FILING
SET DEFINE OFF;
Insert into ILOGADMIN.FORM_FILING (FORM_ID,MSRB_ID,BROKERS_BROKER_FLAG,AFFECT_SEC_TRANS_FLAG,MARKET_529_PLAN_FLAG,NON_REPORTABLE_ACT_FLAG,SETTLE_DTCC_FLAG,SUBMISSION_REPORT_SELF_FLAG,SUBMISSION_REPORT_AGENT_FLAG,SUBMISSION_WEB_ONLY_FLAG,FEEDBACK_EMAIL_FLAG,FEEDBACK_MESSAGING_FLAG,FEEDBACK_WEB_FLAG,BUSINESS_AFFIRM_DATE,TRADE_REPORT_AFFIRM_DATE,CONTACTS_AFFIRM_DATE,SUBMISSION_AFFIRM_DATE,FORM_STATUS,SUBMISSION_USER,SUBMISSION_DATE,EFFECTIVE_DATE,SENT_TO_QUEUE_DATE,UPDATE_USER,UPDATE_DATE,FORM_TYPE_ID) values ('680473d85bbf4fbdadbf2e372b1107b5','K1098',null,null,null,null,null,'N','N','N','N','N','N',null,null,null,null,null,null,null,null,null,'SYSTEM',to_timestamp('17-APR-15 12.18.53.256564000 PM','DD-MON-RR HH.MI.SS.FF AM'),3);

REM INSERTING into ILOGADMIN.FORM_FILING_CONTACT
SET DEFINE OFF;
Insert into ILOGADMIN.FORM_FILING_CONTACT (FORM_ID,USER_ID,CONTACT_TYPE_ID,UPDATE_USER,UPDATE_DATE,FORM_FILING_CONTACT_GUID,FORM_FILING_USER_GUID) values ('680473d85bbf4fbdadbf2e372b1107b5','MUNIADVISOR','10','SYSTEM',to_timestamp('17-APR-15 12.19.41.631743000 PM','DD-MON-RR HH.MI.SS.FF AM'),'26740ff1a93b43e58467779a90a6dc9d','aa37db03721c4afb9150791952c7e511');
Insert into ILOGADMIN.FORM_FILING_CONTACT (FORM_ID,USER_ID,CONTACT_TYPE_ID,UPDATE_USER,UPDATE_DATE,FORM_FILING_CONTACT_GUID,FORM_FILING_USER_GUID) values ('680473d85bbf4fbdadbf2e372b1107b5','MUNIADVISOR','3','SYSTEM',to_timestamp('17-APR-15 12.19.41.631743000 PM','DD-MON-RR HH.MI.SS.FF AM'),'3a0a2a4c053b4e33bd8a23bd11830aaa','aa37db03721c4afb9150791952c7e511');
Insert into ILOGADMIN.FORM_FILING_CONTACT (FORM_ID,USER_ID,CONTACT_TYPE_ID,UPDATE_USER,UPDATE_DATE,FORM_FILING_CONTACT_GUID,FORM_FILING_USER_GUID) values ('680473d85bbf4fbdadbf2e372b1107b5','MUNIADVISOR','4','SYSTEM',to_timestamp('17-APR-15 12.19.41.631743000 PM','DD-MON-RR HH.MI.SS.FF AM'),'8567a81ad1cc439c854b8dfb8f7f7ea6','aa37db03721c4afb9150791952c7e511');
Insert into ILOGADMIN.FORM_FILING_CONTACT (FORM_ID,USER_ID,CONTACT_TYPE_ID,UPDATE_USER,UPDATE_DATE,FORM_FILING_CONTACT_GUID,FORM_FILING_USER_GUID) values ('680473d85bbf4fbdadbf2e372b1107b5','MUNIADVISOR','5','SYSTEM',to_timestamp('17-APR-15 12.19.41.631743000 PM','DD-MON-RR HH.MI.SS.FF AM'),'df50640e6287498ab7977a172d69daec','aa37db03721c4afb9150791952c7e511');
Insert into ILOGADMIN.FORM_FILING_CONTACT (FORM_ID,USER_ID,CONTACT_TYPE_ID,UPDATE_USER,UPDATE_DATE,FORM_FILING_CONTACT_GUID,FORM_FILING_USER_GUID) values ('680473d85bbf4fbdadbf2e372b1107b5','MUNIADVISOR','6','SYSTEM',to_timestamp('17-APR-15 12.19.41.631743000 PM','DD-MON-RR HH.MI.SS.FF AM'),'97f2ceec79a14a3f9dfc350a19366d48','aa37db03721c4afb9150791952c7e511');
Insert into ILOGADMIN.FORM_FILING_CONTACT (FORM_ID,USER_ID,CONTACT_TYPE_ID,UPDATE_USER,UPDATE_DATE,FORM_FILING_CONTACT_GUID,FORM_FILING_USER_GUID) values ('680473d85bbf4fbdadbf2e372b1107b5','MUNIADVISOR','7','SYSTEM',to_timestamp('17-APR-15 12.19.41.631743000 PM','DD-MON-RR HH.MI.SS.FF AM'),'193ceb03fad74cac9eecfd817f4272bb','aa37db03721c4afb9150791952c7e511');
Insert into ILOGADMIN.FORM_FILING_CONTACT (FORM_ID,USER_ID,CONTACT_TYPE_ID,UPDATE_USER,UPDATE_DATE,FORM_FILING_CONTACT_GUID,FORM_FILING_USER_GUID) values ('680473d85bbf4fbdadbf2e372b1107b5','MUNIADVISOR','8','SYSTEM',to_timestamp('17-APR-15 12.19.41.631743000 PM','DD-MON-RR HH.MI.SS.FF AM'),'708f116c961645f4a3e64fd5ce6bd775','aa37db03721c4afb9150791952c7e511');
Insert into ILOGADMIN.FORM_FILING_CONTACT (FORM_ID,USER_ID,CONTACT_TYPE_ID,UPDATE_USER,UPDATE_DATE,FORM_FILING_CONTACT_GUID,FORM_FILING_USER_GUID) values ('680473d85bbf4fbdadbf2e372b1107b5','MUNIADVISOR','9','SYSTEM',to_timestamp('17-APR-15 12.19.41.631743000 PM','DD-MON-RR HH.MI.SS.FF AM'),'940d7c3c2edf4425bde1e7e09ca18888','aa37db03721c4afb9150791952c7e511');

REM INSERTING into ILOGADMIN.FORM_FILING_DOC
SET DEFINE OFF;
Insert into ILOGADMIN.FORM_FILING_DOC (FORM_ID,DOCUMENT_ID,ORIGINAL_FILE_NAME,FILE_PATH,FILE_NAME,SUBMIT_USER,SUBMIT_DATE,APPROVAL_STATUS,APPROVAL_USER,APPROVAL_DATE) values ('680473d85bbf4fbdadbf2e372b1107b5',3,'sample.pdf',null,'680473d85bbf4fbdadbf2e372b1107b5.pdf',null,null,null,null,null);

REM INSERTING into ILOGADMIN.FORM_FILING_ORG_IDENT_TYPE
SET DEFINE OFF;
Insert into ILOGADMIN.FORM_FILING_ORG_IDENT_TYPE (FORM_ID,ORG_IDENT_TYPE_ID,VAL) values ('680473d85bbf4fbdadbf2e372b1107b5',1,'866-44606-87');
Insert into ILOGADMIN.FORM_FILING_ORG_IDENT_TYPE (FORM_ID,ORG_IDENT_TYPE_ID,VAL) values ('680473d85bbf4fbdadbf2e372b1107b5',3,'999999999');
Insert into ILOGADMIN.FORM_FILING_ORG_IDENT_TYPE (FORM_ID,ORG_IDENT_TYPE_ID,VAL) values ('680473d85bbf4fbdadbf2e372b1107b5',5,'43534535345345435345');

REM INSERTING into ILOGADMIN.FORM_FILING_ORG_TYPE
SET DEFINE OFF;
Insert into ILOGADMIN.FORM_FILING_ORG_TYPE (FORM_ID,ORG_TYPE_ID,ORG_TYPE_STATUS) values ('680473d85bbf4fbdadbf2e372b1107b5','MA',1);

REM INSERTING into ILOGADMIN.FORM_FILING_STATUS
SET DEFINE OFF;
Insert into ILOGADMIN.FORM_FILING_STATUS (FORM_FILING_STATUS_ID,FORM_ID,STATUS,UPDATE_USER,UPDATE_DATE) values ('f3d7ca1c80fd4bfd9c34a091a00ee97e','680473d85bbf4fbdadbf2e372b1107b5','APPROVED','GWSTAFF',to_date('17-APR-15 12:19:41 PM','DD-MON-RR HH:MI:SS AM'));
Insert into ILOGADMIN.FORM_FILING_STATUS (FORM_FILING_STATUS_ID,FORM_ID,STATUS,UPDATE_USER,UPDATE_DATE) values ('1ab390af662d4974b09a26bf638cee67','680473d85bbf4fbdadbf2e372b1107b5','PENDING','SYSTEM',to_date('17-APR-15 12:18:53 PM','DD-MON-RR HH:MI:SS AM'));
Insert into ILOGADMIN.FORM_FILING_STATUS (FORM_FILING_STATUS_ID,FORM_ID,STATUS,UPDATE_USER,UPDATE_DATE) values ('1c56bfded4e045458f8b2a368f4c66d9','680473d85bbf4fbdadbf2e372b1107b5','VERIFYCRD','GWSTAFF',to_date('17-APR-15 12:19:39 PM','DD-MON-RR HH:MI:SS AM'));
Insert into ILOGADMIN.FORM_FILING_STATUS (FORM_FILING_STATUS_ID,FORM_ID,STATUS,UPDATE_USER,UPDATE_DATE) values ('2db61a5cad5949b6a36bbb4330c88898','680473d85bbf4fbdadbf2e372b1107b5','VERIFYPAY','GWSTAFF',to_date('17-APR-15 12:19:33 PM','DD-MON-RR HH:MI:SS AM'));
Insert into ILOGADMIN.FORM_FILING_STATUS (FORM_FILING_STATUS_ID,FORM_ID,STATUS,UPDATE_USER,UPDATE_DATE) values ('3de6003b856343539445020a5ed8019b','680473d85bbf4fbdadbf2e372b1107b5','VER_SEC_MA','GWSTAFF',to_date('17-APR-15 12:19:36 PM','DD-MON-RR HH:MI:SS AM'));

REM INSERTING into ILOGADMIN.FORM_FILING_USER
SET DEFINE OFF;
Insert into ILOGADMIN.FORM_FILING_USER (FORM_FILING_USER_GUID,FORM_ID,USER_FIRST_NAME,USER_MIDDLE_NAME,USER_LAST_NAME,USER_NAME_SUFFIX,PHONE_AREA_CODE,PHONE_PREFIX,PHONE_SUFFIX,PHONE_EXTENSION,FAX_AREA_CODE,FAX_PREFIX,FAX_SUFFIX,EMAIL_ADDRESS,ADDRESS1,ADDRESS2,CITY,STATE,COUNTRY,ZIP_CODE,DEPARTMENT,TITLE,USER_ID) values ('aa37db03721c4afb9150791952c7e511','680473d85bbf4fbdadbf2e372b1107b5','GW',null,'WMuniAdvisor',null,'703','797','6600','123',null,null,null,'hrudolf@ccpace.com','1900 Duke Street','Suite 500','Alexandria','VA',null,'22314',null,'test',null);

COMMIT;
